order_id,date,time,order_type,branch_code,order_items,order_price,customer_lat,customer_lon,customerHasloyalty?,distance_to_customer_KM,delivery_fee
ORDY02910,2018-01-19,08:30:25,Breakfast,TP,"[('Cereal', 7), ('Pancake', 2)]",195.5,-37.8086358,144.9600405,0,8.815,11.8543584
ORDI04912,2018-02-19,09:31:16,Breakfast,NS,"[('Pancake', 1), ('Eggs', 1), ('Cereal', 10)]",256.25,-37.807841,144.9456925,0,8.957,14.1216476
ORDX05190,2018-07-27,14:45:38,Lunch,BK,"[('Chicken', 6), ('Fries', 10), ('Salad', 9), ('Burger', 2), ('Steak', 10)]",978.8,-37.8012927,144.9629735,0,8.048,13.6373226
ORDB04740,2018-03-19,10:32:06,Breakfast,TP,"[('Cereal', 4), ('Pancake', 3), ('Eggs', 7)]",310.75,-37.8152183,144.9518997,0,8.882,11.47278
ORDK01838,2018-07-03,14:05:04,Lunch,BK,"[('Fries', 10), ('Steak', 5), ('Salad', 9)]",499.8,-37.8156341,144.9664522,0,7.534,13.3409684
ORDZ02091,2018-07-26,14:45:38,Lunch,NS,"[('Fries', 8), ('Chicken', 5), ('Steak', 2)]",346.0,-37.8006624,144.9823452,0,7.302,
ORDI08409,2018-04-02,11:02:32,Breakfast,NS,"[('Pancake', 4), ('Cereal', 5)]",202.0,-37.8138047,144.9574646,0,8.295,13.3795266
ORDK07896,2018-02-14,09:21:07,Breakfast,BK,"[('Cereal', 2), ('Eggs', 2), ('Coffee', 9), ('Pancake', 6)]",299.0,-37.8113305,144.9629945,0,7.608,12.3734369
ORDY04164,2018-12-13,19:29:34,Dinner,TP,"[('Shrimp', 6), ('Pasta', 2), ('Salmon', 5)]",584.0,-37.8237612,144.9562133,0,7.971,12.217358
ORDK00536,2018-07-28,14:55:46,Lunch,,"[('Salad', 3), ('Chicken', 1)]",83.6,-37.8047344,144.9882562,0,5.824,14.0873134
ORDK04803,2018-04-25,11:43:05,Breakfast,BK,"[('Eggs', 10), ('Coffee', 8), ('Pancake', 5), ('Cereal', 8)]",569.25,-37.8187551,144.95323,0,8.818,13.6531866
ORDI05194,2018-01-05,08:00:00,Breakfast,NS,"[('Eggs', 8), ('Pancake', 8), ('Cereal', 4), ('Coffee', 3)]",476.5,-37.8139761,144.9364681,1,10.342,6.8443855
ORDZ03853,2018-06-05,13:04:13,Lunch,NS,"[('Salad', 10), ('Steak', 4), ('Burger', 6), ('Chicken', 4), ('Fries', 5)]",726.0,-37.8114807,144.9278808,0,10.682,16.6149997
ORDJ03294,2018-01-19,08:30:25,Breakfast,TP,"[('Cereal', 9), ('Coffee', 5), ('Pancake', 3)]",299.25,-37.8061449,144.9571708,0,9.342,11.8212918
ORDB03979,2018-12-20,19:39:43,Dinner,TP,"[('Pasta', 10), ('Fish&Chips', 3)]",380.0,-37.8170882,144.932764,0,10.72,14.5710215
ORDZ04814,2018-06-02,13:04:13,Lunch,NS,"[('Fries', 5), ('Salad', 7), ('Chicken', 9), ('Steak', 7), ('Burger', 10)]",1093.4,-37.8183066,144.9648413,0,8.523,16.100894
ORDZ05660,2018-08-14,15:26:11,Lunch,,"[('Burger', 6), ('Fries', 5), ('Steak', 1), ('Salad', 6), ('Chicken', 5)]",554.2,-37.8060098,144.9382902,0,,15.0823556
ORDX03200,2018-11-25,18:49:00,Dinner,BK,"[('Fish&Chips', 3), ('Salmon', 6)]",351.0,-37.8195319,144.9848696,0,6.3,16.0364297
ORDI08069,2018-02-05,09:00:50,Breakfast,NS,"[('Coffee', 4), ('Cereal', 6)]",156.0,-37.8075988,144.9567996,0,7.997,12.8747957
ORDY09615,2018-12-06,19:09:17,Dinner,TP,"[('Shrimp', 10), ('Salmon', 3)]",663.0,-37.8181,144.957901,0,8.046,
ORDZ09779,2018-07-28,14:55:46,Lunch,NS,"[('Steak', 5), ('Chicken', 8), ('Fries', 2), ('Salad', 2), ('Burger', 9)]",818.4,-37.809935,144.9584805,0,7.955,14.9914498
ORDY00071,2018-04-12,11:12:40,Breakfast,TP,"[('Eggs', 7), ('Cereal', 2), ('Pancake', 7)]",365.75,-37.8187907,144.9654214,0,7.454,9.9491154
ORDZ10578,2018-09-01,16:06:45,Dinner,NS,"[('Pasta', 8), ('Shrimp', 6)]",544.0,-37.8155781,144.9580985,0,8.517,16.3362054
ORDJ02543,2018-11-28,18:59:09,Dinner,TP,"[('Salmon', 4), ('Shrimp', 4), ('Fish&Chips', 4)]",520.0,-37.8161055,144.9764007,0,8.563,12.7100439
ORDY08322,2018-10-15,17:27:53,Dinner,TP,"[('Shrimp', 2), ('Pasta', 6), ('Fish&Chips', 8)]",553.0,-37.8213986,144.9548658,0,8.218,12.386024
ORDJ03330,2018-02-27,09:51:32,Breakfast,TP,"[('Coffee', 3), ('Pancake', 4), ('Cereal', 3)]",182.5,-37.8114441,144.9638582,0,8.448,11.1461681
ORDZ06016,2018-12-10,19:19:26,Dinner,NS,"[('Salmon', 7), ('Pasta', 8), ('Fish&Chips', 2), ('Shrimp', 7)]",955.0,-37.8024834,145.0032421,0,9.294,15.1521633
ORDI02202,2018-05-14,12:23:39,Lunch,NS,"[('Burger', 9), ('Chicken', 3)]",375.0,-37.8022755,144.9807326,0,7.108,
ORDX00627,2018-12-06,19:09:17,Dinner,,"[('Pasta', 3), ('Salmon', 2), ('Shrimp', 2)]",272.5,-37.8155694,144.9666736,0,7.51,14.4082839
ORDC03817,2018-12-22,19:49:51,Dinner,NS,"[('Pasta', 1), ('Salmon', 8), ('Shrimp', 7)]",733.5,-37.8184144,144.9473841,0,9.55,17.4673355
ORDK10599,2018-02-23,09:41:24,Breakfast,,"[('Pancake', 4), ('Coffee', 9)]",164.5,-37.8236376,144.9673758,0,,13.5410737
ORDA07180,2018-12-11,19:19:26,Dinner,BK,"[('Salmon', 10), ('Shrimp', 6), ('Fish&Chips', 2)]",804.0,-37.8251546,144.9677412,0,8.31,
ORDZ09286,2018-05-15,12:23:39,Lunch,NS,"[('Chicken', 9), ('Salad', 7), ('Burger', 4)]",532.4,-37.8081849,144.9687701,0,6.971,13.0227873
ORDC01468,2018-08-25,15:46:28,Lunch,NS,"[('Fries', 9), ('Burger', 8), ('Salad', 4)]",424.8,-37.8177271,144.9690491,0,8.675,16.2127483
ORDJ03835,2018-01-16,08:20:16,Breakfast,TP,"[('Pancake', 8), ('Cereal', 2), ('Coffee', 8), ('Eggs', 7)]",450.0,-37.8161009,144.9726103,1,8.219,5.582716
ORDI07164,2018-12-08,19:19:26,Dinner,NS,"[('Shrimp', 7), ('Pasta', 6), ('Salmon', 8)]",871.0,-37.8066263,144.9615746,0,7.464,15.5527324
ORDX05804,2018-06-02,13:04:13,Lunch,BK,"[('Chicken', 9), ('Salad', 2), ('Steak', 2)]",412.4,-37.8154705,144.9670723,0,7.658,16.378657
ORDA00380,2018-05-15,12:23:39,Lunch,BK,"[('Burger', 7), ('Salad', 4), ('Steak', 8), ('Chicken', 4), ('Fries', 3)]",809.8,-37.8201296,144.9586554,0,8.257,13.8342413
ORDA09203,2018-11-03,18:08:27,Dinner,BK,"[('Shrimp', 7), ('Fish&Chips', 5), ('Salmon', 3), ('Pasta', 6)]",841.0,-37.8072363,144.9591141,0,7.846,17.6568918
ORDK06938,2018-01-03,08:00:00,Breakfast,BK,"[('Pancake', 8), ('Cereal', 4), ('Coffee', 9), ('Eggs', 6)]",477.5,-37.8150906,145.0060096,1,3.966,4.1809856
ORDJ00324,2018-07-01,13:54:55,Lunch,,"[('Fries', 6), ('Burger', 4)]",196.0,-37.8093444,144.9643497,0,,13.3622579
ORDY00583,2018-01-02,08:00:00,Breakfast,TP,"[('Coffee', 7), ('Eggs', 3), ('Cereal', 2)]",160.5,-37.8140786,144.9445885,1,9.67,6.1323749
ORDA00056,2018-05-23,12:43:56,Lunch,BK,"[('Steak', 2), ('Fries', 8), ('Burger', 2), ('Chicken', 3), ('Salad', 1)]",361.2,-37.8138371,144.9887399,0,5.463,11.5569448
ORDK05454,2018-12-24,19:49:51,Dinner,BK,"[('Fish&Chips', 2), ('Salmon', 1), ('Pasta', 10)]",386.0,-37.8210375,144.9821816,0,6.952,13.2080903
ORDC09956,2018-03-07,10:01:41,Breakfast,NS,"[('Pancake', 9), ('Cereal', 10), ('Coffee', 1), ('Eggs', 6)]",567.75,-37.8051575,144.9682948,0,6.707,11.7937379
ORDA03395,2018-01-06,08:10:08,Breakfast,BK,"[('Coffee', 2), ('Pancake', 10), ('Eggs', 9)]",455.5,-37.8094735,145.003438,1,3.967,5.2373592
ORDC07371,2018-01-29,08:50:42,Breakfast,NS,"[('Cereal', 1), ('Eggs', 6), ('Coffee', 7)]",205.5,-37.8082956,144.9548852,0,8.187,13.1299655
ORDX02374,2018-03-01,09:51:32,Breakfast,BK,"[('Eggs', 9), ('Coffee', 4), ('Cereal', 5), ('Pancake', 3)]",405.75,-37.8178994,144.989793,0,5.727,10.4156965
ORDA04857,2018-09-04,16:06:45,Dinner,,"[('Pasta', 9), ('Salmon', 4), ('Fish&Chips', 7), ('Shrimp', 1)]",710.5,-37.800859,144.9520832,0,,15.6564847
ORDY10503,2018-10-30,17:58:18,Dinner,,"[('Shrimp', 4), ('Salmon', 1)]",257.0,-37.8063865,144.9747377,0,9.512,14.0367703
ORDB05291,2018-09-10,16:16:54,Dinner,TP,"[('Fish&Chips', 1), ('Shrimp', 1), ('Salmon', 8), ('Pasta', 1)]",444.5,-37.8253426,144.9695571,0,8.166,12.2959678
ORDC03764,2018-09-07,16:16:54,Dinner,NS,"[('Shrimp', 2), ('Fish&Chips', 5), ('Salmon', 3), ('Pasta', 5)]",543.5,-37.821678,144.9779324,0,8.864,14.7852825
ORDI08751,2018-11-14,18:28:43,Dinner,NS,"[('Pasta', 2), ('Fish&Chips', 5)]",230.0,-37.8186091,144.9679892,0,8.43,14.1265358
ORDJ03304,2018-07-16,14:25:21,Lunch,,"[('Salad', 3), ('Burger', 3), ('Steak', 2)]",234.6,-37.8010812,145.0146905,0,,15.8853049
ORDY03198,2018-07-03,14:05:04,Lunch,TP,"[('Burger', 1), ('Chicken', 4)]",159.0,-37.8096043,144.9636805,0,8.648,12.2483012
ORDI05791,2018-02-02,09:00:50,Breakfast,NS,"[('Coffee', 5), ('Cereal', 6)]",163.5,-37.8057389,144.9295765,0,11.13,
ORDK09304,2018-01-12,08:20:16,Breakfast,BK,"[('Pancake', 10), ('Cereal', 10), ('Coffee', 10), ('Eggs', 1)]",549.5,-37.8073317,144.9574524,1,8.176,6.7768996
ORDB09295,2018-10-21,17:38:01,Dinner,TP,"[('Shrimp', 1), ('Fish&Chips', 5), ('Salmon', 1), ('Pasta', 9)]",517.5,-37.8234357,144.9702067,0,8.004,
ORDJ06005,2018-05-30,12:54:05,Lunch,TP,"[('Chicken', 9), ('Fries', 1), ('Steak', 10), ('Burger', 3), ('Salad', 2)]",877.4,-37.817473,144.9904157,0,9.744,
ORDX10851,2018-05-02,11:53:14,Breakfast,BK,"[('Coffee', 5), ('Eggs', 6), ('Pancake', 10)]",412.0,-37.8097473,144.9727841,0,6.685,11.5636308
ORDY10493,2018-12-09,19:19:26,Dinner,,"[('Fish&Chips', 5), ('Salmon', 9), ('Pasta', 3), ('Shrimp', 4)]",842.5,-37.802754,144.9745682,0,,15.4386537
ORDX05572,2018-04-27,11:43:05,Breakfast,BK,"[('Coffee', 8), ('Eggs', 4), ('Pancake', 10), ('Cereal', 7)]",537.5,-37.8105953,144.9653759,0,7.373,12.2442501
ORDJ02295,2018-07-15,14:25:21,Lunch,TP,"[('Steak', 2), ('Burger', 1), ('Salad', 4)]",189.8,-37.8185787,144.99213,0,9.954,
ORDK09034,2018-11-28,18:59:09,Dinner,BK,"[('Fish&Chips', 2), ('Salmon', 7)]",357.0,-37.8029619,144.9621058,0,7.846,14.5241962
ORDA08704,2018-07-16,14:25:21,Lunch,,"[('Steak', 10), ('Fries', 2), ('Chicken', 1), ('Burger', 9)]",785.0,-37.805603,144.9948279,0,,10.6669804
ORDK01835,2018-01-04,08:00:00,Breakfast,BK,"[('Pancake', 7), ('Cereal', 9), ('Coffee', 10), ('Eggs', 1)]",455.75,-37.8207051,144.9485447,1,9.224,7.6807536
ORDY03422,2018-06-03,13:04:13,Lunch,TP,"[('Fries', 1), ('Burger', 2)]",74.0,-37.8045557,144.9724979,0,9.686,14.4245606
ORDK04414,2018-07-04,14:05:04,Lunch,BK,"[('Burger', 5), ('Fries', 10)]",275.0,-37.8041384,145.0021403,0,5.074,10.7640952
ORDC01867,2018-01-06,08:10:08,Breakfast,NS,"[('Eggs', 8), ('Coffee', 8)]",236.0,-37.8108189,145.003222,1,9.719,8.3177701
ORDA05182,2018-09-30,16:57:27,Dinner,BK,"[('Pasta', 10), ('Fish&Chips', 7)]",520.0,-37.8195727,144.9973713,0,5.17,14.3926916
ORDZ08218,2018-11-25,18:49:00,Dinner,NS,"[('Shrimp', 2), ('Pasta', 8)]",328.0,-37.8202067,144.9815597,0,8.901,16.6326479
ORDA02765,2018-06-13,13:24:30,Lunch,,"[('Fries', 4), ('Steak', 10), ('Burger', 5)]",653.0,-37.8119061,144.95154,0,8.561,14.1410471
ORDK01440,2018-02-21,09:41:24,Breakfast,BK,"[('Eggs', 6), ('Coffee', 1), ('Pancake', 5)]",260.75,-37.8199049,144.956864,0,8.5,12.9551367
ORDX09224,2018-08-26,15:46:28,Lunch,,"[('Fries', 7), ('Steak', 2), ('Burger', 8), ('Salad', 9)]",576.8,-37.8049427,144.9758403,0,6.646,14.5317499
ORDI05524,2018-02-12,09:21:07,Breakfast,NS,"[('Cereal', 8), ('Eggs', 8), ('Coffee', 7)]",396.5,-37.8076461,144.9546008,0,8.248,13.1851253
ORDC06103,2018-08-02,15:05:54,Lunch,NS,"[('Fries', 7), ('Chicken', 6)]",276.0,-37.8101218,145.0064781,0,10.105,15.4456998
ORDY00308,2018-04-29,11:53:14,Breakfast,TP,"[('Pancake', 1), ('Eggs', 8), ('Cereal', 1), ('Coffee', 4)]",251.25,-37.8176262,145.0055016,0,11.205,14.9739778
ORDC06067,2018-06-27,13:44:47,Lunch,NS,"[('Fries', 10), ('Chicken', 6), ('Burger', 8), ('Steak', 4), ('Salad', 1)]",757.2,-37.8232637,144.9781981,0,8.89,14.4223045
ORDI04832,2018-04-17,11:32:57,Breakfast,,"[('Eggs', 8), ('Cereal', 5), ('Coffee', 4)]",311.0,-37.8160219,144.9723011,0,7.898,12.8171881
ORDC10055,2018-01-14,08:20:16,Breakfast,NS,"[('Eggs', 6), ('Pancake', 2), ('Coffee', 9)]",248.0,-37.8109419,144.9391187,1,9.712,7.5775398
ORDB04403,2018-03-04,10:01:41,Breakfast,TP,"[('Coffee', 5), ('Eggs', 10)]",257.5,-37.8240925,144.9352979,0,10.024,13.8890216
ORDX06090,2018-12-29,20:00:00,Dinner,BK,"[('Salmon', 5), ('Pasta', 8), ('Fish&Chips', 7)]",670.0,-37.8162882,144.9372753,0,10.018,19.6129672
ORDZ10418,2018-06-26,13:44:47,Lunch,,"[('Chicken', 4), ('Salad', 9), ('Fries', 1), ('Steak', 8)]",654.8,-37.8251693,144.9847198,0,,14.8643629
ORDK00194,2018-02-03,09:00:50,Breakfast,BK,"[('Coffee', 2), ('Cereal', 1)]",36.0,-37.8091283,144.9559019,0,8.147,15.5390453
ORDJ02883,2018-10-31,17:58:18,Dinner,TP,"[('Fish&Chips', 1), ('Pasta', 6)]",200.0,-37.8207581,144.9618974,0,7.35,
ORDC05869,2018-12-28,20:00:00,Dinner,NS,"[('Shrimp', 5), ('Fish&Chips', 8), ('Salmon', 2)]",632.0,-37.8119995,144.9706252,0,7.405,13.5181791
ORDA10566,2018-08-08,15:16:03,Lunch,BK,"[('Salad', 4), ('Chicken', 1), ('Fries', 10)]",220.8,-37.8102911,144.9530923,0,8.483,13.6972752
ORDB02647,2018-10-11,17:17:44,Dinner,TP,"[('Shrimp', 6), ('Fish&Chips', 4)]",464.0,-37.8230011,144.9708771,0,8.009,12.7949176
ORDY01839,2018-09-27,16:57:27,Dinner,TP,"[('Fish&Chips', 4), ('Shrimp', 2)]",248.0,-37.8009533,144.9429625,0,10.654,14.4171207
ORDA01307,2018-02-07,09:10:59,Breakfast,BK,"[('Pancake', 8), ('Eggs', 10), ('Coffee', 3), ('Cereal', 8)]",604.5,-37.8244161,144.9891642,0,6.376,11.482197
ORDZ10490,2018-06-06,13:04:13,Lunch,NS,"[('Steak', 5), ('Burger', 2)]",287.0,-37.8213638,144.9628387,0,9.058,
ORDI02550,2018-05-05,12:03:22,Lunch,NS,"[('Salad', 4), ('Steak', 6), ('Chicken', 5), ('Burger', 3), ('Fries', 1)]",603.8,-37.8020804,144.9950531,0,8.495,15.3101898
ORDZ11018,2018-04-14,11:22:49,Breakfast,NS,"[('Cereal', 1), ('Eggs', 7), ('Coffee', 3), ('Pancake', 5)]",318.75,-37.8180467,144.9944995,0,9.631,16.5570719
ORDJ08983,2018-11-21,18:49:00,Dinner,TP,"[('Salmon', 4), ('Shrimp', 3), ('Fish&Chips', 3), ('Pasta', 7)]",623.5,-37.8007346,145.0020597,0,12.043,
ORDC03825,2018-04-10,11:12:40,Breakfast,,"[('Pancake', 10), ('Cereal', 2), ('Coffee', 3), ('Eggs', 7)]",461.0,-37.8207611,144.9670767,0,,14.0642033
ORDC08948,2018-05-24,12:43:56,Lunch,,"[('Salad', 1), ('Burger', 7), ('Chicken', 7), ('Steak', 4), ('Fries', 8)]",734.2,-37.8221807,144.979236,0,8.965,14.5372066
ORDB02222,2018-06-19,13:34:38,Lunch,TP,"[('Salad', 7), ('Burger', 9), ('Fries', 1), ('Chicken', 5)]",571.4,-37.8239376,145.0014275,0,10.54,
ORDC08187,2018-11-29,18:59:09,Dinner,NS,"[('Pasta', 1), ('Shrimp', 7), ('Fish&Chips', 9), ('Salmon', 7)]",1007.5,-37.8171951,144.952445,0,10.523,16.7804402
ORDJ08123,2018-11-28,18:59:09,Dinner,TP,"[('Salmon', 4), ('Shrimp', 6), ('Fish&Chips', 4)]",628.0,-37.8211073,144.9654739,0,7.371,12.0605834
ORDY03722,2018-04-21,11:32:57,Breakfast,TP,"[('Pancake', 9), ('Cereal', 5), ('Coffee', 2), ('Eggs', 3)]",404.25,-37.8188543,144.95329,0,8.513,
ORDK06580,2018-12-12,19:29:34,Dinner,BK,"[('Pasta', 4), ('Shrimp', 7)]",488.0,-37.8202665,144.9573456,0,8.38,
ORDX00246,2018-07-06,14:05:04,Lunch,BK,"[('Fries', 7), ('Burger', 2), ('Salad', 6), ('Chicken', 5)]",409.2,-37.8205164,144.9942283,0,5.499,
ORDB09593,2018-11-30,18:59:09,Dinner,TP,"[('Salmon', 9), ('Pasta', 8)]",589.0,-37.8096433,144.9725187,0,9.134,13.2309145
ORDZ00139,2018-10-09,17:17:44,Dinner,NS,"[('Pasta', 6), ('Fish&Chips', 9), ('Shrimp', 5), ('Salmon', 9)]",1119.0,-37.8106654,144.9636502,0,7.765,13.2499078
ORDX06181,2018-02-25,09:51:32,Breakfast,BK,"[('Eggs', 1), ('Cereal', 8), ('Coffee', 4)]",220.0,-37.8197255,144.9792496,0,7.283,14.9453855
ORDI09002,2018-08-19,15:36:20,Lunch,,"[('Steak', 9), ('Fries', 3), ('Burger', 7)]",658.0,-37.8139949,144.9644077,0,7.982,15.5996611
ORDI05097,2018-05-29,12:54:05,Lunch,NS,"[('Steak', 3), ('Salad', 3), ('Chicken', 2), ('Fries', 4)]",298.6,-37.800831,144.9285143,0,12.547,18.3724004
ORDK03900,2018-04-11,11:12:40,Breakfast,BK,"[('Cereal', 5), ('Coffee', 9), ('Pancake', 1)]",196.75,-37.826394,144.9519017,0,9.282,13.793668
ORDI06837,2018-12-26,19:49:51,Dinner,NS,"[('Salmon', 2), ('Pasta', 7), ('Shrimp', 6)]",598.5,-37.8068336,145.0133295,0,10.275,16.8286255
ORDX06668,2018-03-30,10:52:23,Breakfast,,"[('Pancake', 4), ('Cereal', 1), ('Coffee', 1)]",125.5,-37.8122214,144.9622519,0,,12.5397054
ORDJ04573,2018-10-19,17:38:01,Dinner,TP,"[('Shrimp', 1), ('Fish&Chips', 8), ('Pasta', 9)]",581.5,-37.8239385,144.9696871,0,8.129,12.0136812
ORDB09423,2018-02-21,09:41:24,Breakfast,TP,"[('Pancake', 10), ('Cereal', 8)]",410.5,-37.8081344,144.9602,0,8.763,11.5519325
ORDC03705,2018-11-18,18:38:52,Dinner,NS,"[('Fish&Chips', 8), ('Pasta', 4), ('Salmon', 10), ('Shrimp', 3)]",962.0,-37.8188828,145.0083558,0,10.889,18.9707759
ORDI09371,2018-04-14,11:22:49,Breakfast,,"[('Cereal', 2), ('Coffee', 1)]",49.5,-37.8180223,144.9938957,0,,16.9417028
ORDI00273,2018-01-13,08:20:16,Breakfast,NS,"[('Coffee', 1), ('Pancake', 10), ('Cereal', 5), ('Eggs', 3)]",421.0,-37.8016728,144.9573532,1,7.461,6.7501954
ORDZ04619,2018-09-10,16:16:54,Dinner,NS,"[('Fish&Chips', 10), ('Pasta', 4)]",460.0,-37.8162093,144.9640567,0,8.275,14.4873782
ORDZ09546,2018-12-28,20:00:00,Dinner,NS,"[('Pasta', 2), ('Shrimp', 3), ('Fish&Chips', 5), ('Salmon', 5)]",597.0,-37.8238195,144.9560591,0,9.618,
ORDK07062,2018-06-28,13:54:55,Lunch,,"[('Salad', 3), ('Chicken', 3), ('Fries', 2), ('Steak', 4), ('Burger', 10)]",661.6,-37.8204377,144.960317,0,8.186,14.0928396
ORDA01616,2018-01-17,08:30:25,Breakfast,,"[('Coffee', 6), ('Cereal', 5), ('Pancake', 2), ('Eggs', 6)]",330.5,-37.8066241,144.9579654,1,,6.289437
ORDC04064,2018-02-01,09:00:50,Breakfast,NS,"[('Pancake', 7), ('Coffee', 3), ('Eggs', 8)]",368.25,-37.8246564,144.9903185,0,9.745,14.7110491
ORDY04457,2018-09-29,16:57:27,Dinner,,"[('Salmon', 1), ('Fish&Chips', 7), ('Shrimp', 1), ('Pasta', 2)]",395.0,-37.808478,144.9511111,0,,14.8075478
ORDK08972,2018-10-18,17:38:01,Dinner,,"[('Shrimp', 4), ('Pasta', 6), ('Salmon', 8)]",709.0,-37.8033053,144.9510182,0,8.597,15.5572979
ORDK04011,2018-09-21,16:47:19,Dinner,BK,"[('Salmon', 1), ('Shrimp', 9), ('Fish&Chips', 9), ('Pasta', 8)]",1062.0,-37.809067,144.9287565,0,10.751,
ORDI01608,2018-11-20,18:38:52,Dinner,,"[('Shrimp', 6), ('Fish&Chips', 9), ('Salmon', 7)]",926.0,-37.8263746,145.0182076,0,12.272,18.6097371
ORDX05003,2018-04-01,10:52:23,Breakfast,BK,"[('Pancake', 10), ('Coffee', 1)]",250.0,-37.8001783,144.9500496,0,8.892,16.5963666
ORDC05621,2018-03-25,10:42:15,Breakfast,NS,"[('Pancake', 6), ('Eggs', 8), ('Cereal', 4), ('Coffee', 6)]",450.5,-37.810106,144.9555752,0,8.173,14.842777
ORDY02181,2018-10-30,17:58:18,Dinner,TP,"[('Shrimp', 2), ('Fish&Chips', 4), ('Salmon', 6), ('Pasta', 8)]",714.0,-37.819788,144.9809864,0,8.848,12.6409045
ORDA06723,2018-12-02,19:09:17,Dinner,BK,"[('Pasta', 8), ('Fish&Chips', 8)]",500.0,-37.8204771,144.9576975,0,8.351,18.0944625
ORDC00878,2018-02-11,09:21:07,Breakfast,NS,"[('Coffee', 4), ('Cereal', 6), ('Pancake', 9), ('Eggs', 6)]",506.25,-37.8102617,144.9695829,0,7.208,14.0290699
ORDC09645,2018-01-18,08:30:25,Breakfast,NS,"[('Eggs', 7), ('Pancake', 3), ('Cereal', 2)]",268.75,-37.8039087,144.9668829,1,6.706,5.7962128
ORDJ10668,2018-01-08,08:10:08,Breakfast,TP,"[('Eggs', 3), ('Cereal', 9)]",255.0,-37.8114994,144.970394,1,8.737,5.3857787
ORDI01239,2018-12-26,19:49:51,Dinner,NS,"[('Salmon', 6), ('Shrimp', 7), ('Fish&Chips', 1), ('Pasta', 10)]",934.0,-37.8129588,144.9337,0,8.911,14.8256633
ORDK03606,2018-09-29,16:57:27,Dinner,BK,"[('Fish&Chips', 9), ('Shrimp', 3), ('Pasta', 2), ('Salmon', 5)]",737.0,-37.8083929,144.955658,0,8.193,17.5631775
ORDI06307,2018-07-27,14:45:38,Lunch,NS,"[('Chicken', 2), ('Salad', 4), ('Burger', 3)]",225.8,-37.7998144,144.9809354,0,7.171,
ORDI01923,2018-07-02,14:05:04,Lunch,,"[('Salad', 3), ('Fries', 3), ('Chicken', 7), ('Steak', 5), ('Burger', 4)]",660.6,-37.8074228,144.9402455,0,,16.0475171
ORDB10837,2018-09-21,16:37:10,Dinner,TP,"[('Shrimp', 4), ('Pasta', 6)]",381.0,-37.8123062,144.9374357,0,10.693,14.713137
ORDB05051,2018-01-14,08:20:16,Breakfast,TP,"[('Pancake', 4), ('Coffee', 4), ('Eggs', 1)]",149.0,-37.8052525,144.9260628,1,11.503,8.1826739
ORDX06310,2018-07-14,14:25:21,Lunch,BK,"[('Salad', 1), ('Steak', 4), ('Chicken', 10)]",517.2,-37.8177751,145.0079809,0,4.042,12.0393406
ORDZ00105,2018-08-22,15:46:28,Lunch,NS,"[('Burger', 6), ('Chicken', 8)]",442.0,-37.8224885,144.9400214,0,10.741,16.0853649
ORDC05383,2018-03-06,10:01:41,Breakfast,NS,"[('Cereal', 4), ('Pancake', 1)]",108.25,-37.8238926,144.9841623,0,9.355,14.5413486
ORDK05612,2018-11-06,18:18:35,Dinner,,"[('Fish&Chips', 1), ('Pasta', 9)]",282.5,-37.8133626,144.962603,0,,14.8091829
ORDC02953,2018-08-27,15:56:37,Lunch,NS,"[('Chicken', 4), ('Fries', 2), ('Burger', 5)]",307.0,-37.8144084,144.9715494,0,7.705,
ORDJ07914,2018-02-03,09:00:50,Breakfast,TP,"[('Coffee', 2), ('Cereal', 1), ('Pancake', 6)]",181.5,-37.8094724,144.9573036,0,8.935,12.8936292
ORDK02442,2018-05-25,12:43:56,Lunch,,"[('Fries', 2), ('Salad', 2), ('Burger', 7), ('Chicken', 9), ('Steak', 1)]",608.4,-37.8249901,144.9496767,0,9.422,15.3278111
ORDJ05515,2018-10-30,17:58:18,Dinner,TP,"[('Fish&Chips', 2), ('Pasta', 3)]",152.5,-37.8012646,144.9626963,0,9.648,14.1836395
ORDC04136,2018-10-10,17:17:44,Dinner,NS,"[('Salmon', 4), ('Fish&Chips', 8), ('Pasta', 3), ('Shrimp', 9)]",1012.5,-37.8122698,144.9524175,0,8.591,
ORDJ09619,2018-11-23,18:49:00,Dinner,TP,"[('Salmon', 9), ('Shrimp', 7), ('Fish&Chips', 10)]",1097.0,-37.8185217,144.9830396,0,9.01,13.1428195
ORDK02250,2018-11-24,18:49:00,Dinner,,"[('Fish&Chips', 4), ('Salmon', 8), ('Pasta', 10)]",743.0,-37.8132503,144.9397692,0,9.753,18.8588327
ORDK01517,2018-12-02,19:09:17,Dinner,BK,"[('Fish&Chips', 1), ('Pasta', 3), ('Salmon', 9), ('Shrimp', 8)]",918.5,-37.8154799,144.9642022,0,7.762,16.9144911
ORDK03973,2018-02-14,09:21:07,Breakfast,BK,"[('Eggs', 1), ('Pancake', 8), ('Cereal', 2)]",258.0,-37.8114979,145.0097451,0,3.275,8.336828
ORDB07752,2018-04-11,11:12:40,Breakfast,TP,"[('Cereal', 3), ('Coffee', 9), ('Eggs', 1), ('Pancake', 7)]",322.25,-37.8229127,144.9873956,0,9.351,12.0846699
ORDI10450,2018-09-26,16:47:19,Dinner,NS,"[('Salmon', 9), ('Pasta', 10), ('Fish&Chips', 4), ('Shrimp', 8)]",1216.0,-37.8167966,144.9699858,0,8.103,13.8836825
ORDK04881,2018-03-05,10:01:41,Breakfast,,"[('Coffee', 8), ('Cereal', 6), ('Pancake', 10)]",428.5,-37.7960038,144.9360765,0,10.388,15.1893171
ORDY06157,2018-01-24,08:40:33,Breakfast,TP,"[('Pancake', 4), ('Cereal', 5), ('Coffee', 9)]",269.5,-37.825316,144.9771199,0,8.451,
ORDY03894,2018-06-19,13:34:38,Lunch,TP,"[('Steak', 1), ('Salad', 1), ('Burger', 9), ('Fries', 1), ('Chicken', 7)]",577.2,-37.826124,145.0063321,0,11.126,14.5243564
ORDK01768,2018-06-12,13:24:30,Lunch,BK,"[('Burger', 8), ('Fries', 7), ('Chicken', 8), ('Salad', 8), ('Steak', 8)]",1085.6,-37.803731,144.946674,0,9.024,14.7848491
ORDC04584,2018-12-02,19:09:17,Dinner,NS,"[('Shrimp', 8), ('Salmon', 9), ('Fish&Chips', 6)]",1011.0,-37.8146902,144.9688726,0,7.86,15.524458
ORDA02341,2018-09-14,16:27:02,Dinner,,"[('Shrimp', 9), ('Salmon', 4), ('Fish&Chips', 4), ('Pasta', 9)]",1037.5,-37.817132,144.96452,0,7.707,15.2391757
ORDK06869,2018-07-02,13:54:55,Lunch,BK,"[('Steak', 4), ('Chicken', 2)]",244.0,-37.8087118,144.954089,0,8.327,14.1704157
ORDY03944,2018-04-05,11:02:32,Breakfast,TP,"[('Coffee', 1), ('Pancake', 10)]",250.0,-37.8179752,144.9512067,0,8.786,11.2361058
ORDB04036,2018-02-04,09:00:50,Breakfast,TP,"[('Cereal', 10), ('Eggs', 2), ('Coffee', 10), ('Pancake', 9)]",547.25,-37.8158223,144.9927827,0,10.125,14.5797709
ORDK10059,2018-11-27,18:59:09,Dinner,BK,"[('Fish&Chips', 6), ('Salmon', 4)]",374.0,-37.8134322,144.9409425,0,9.605,16.9274024
ORDJ06402,2018-01-04,08:00:00,Breakfast,TP,"[('Pancake', 6), ('Coffee', 1)]",153.0,-37.8117713,144.9392675,1,10.359,6.5006668
ORDI04210,2018-10-04,17:07:36,Dinner,NS,"[('Fish&Chips', 5), ('Pasta', 1)]",202.5,-37.8142178,144.9901061,0,9.005,15.1545152
ORDX06245,2018-09-04,16:06:45,Dinner,BK,"[('Shrimp', 4), ('Pasta', 7), ('Fish&Chips', 9)]",723.5,-37.8121733,144.938044,0,9.914,17.0207914
ORDA08382,2018-11-01,18:08:27,Dinner,,"[('Pasta', 7), ('Shrimp', 5)]",462.5,-37.8261732,145.002466,0,,12.276174
ORDA10007,2018-05-10,12:13:31,Lunch,BK,"[('Fries', 8), ('Chicken', 8), ('Steak', 4)]",532.0,-37.800371,144.9638781,0,8.002,13.7548089
ORDK02909,2018-12-30,20:00:00,Dinner,BK,"[('Fish&Chips', 2), ('Shrimp', 1), ('Salmon', 7), ('Pasta', 6)]",576.0,-37.8062923,144.9596444,0,7.729,17.4043929
ORDZ01487,2018-07-09,14:15:12,Lunch,NS,"[('Steak', 8), ('Fries', 3), ('Burger', 7)]",613.0,-37.8254771,144.9824543,0,9.431,14.8789051
ORDZ10638,2018-10-19,17:38:01,Dinner,,"[('Pasta', 8), ('Shrimp', 6), ('Salmon', 1)]",585.0,-37.8129622,144.9907104,0,8.951,14.1252727
ORDX05671,2018-09-03,16:06:45,Dinner,,"[('Shrimp', 4), ('Fish&Chips', 3)]",321.0,-37.8149156,144.9354055,0,,17.3423324
ORDC03760,2018-11-11,18:28:43,Dinner,NS,"[('Shrimp', 5), ('Fish&Chips', 7), ('Salmon', 6), ('Pasta', 5)]",898.5,-37.8104105,144.9807454,0,7.941,
ORDK07386,2018-02-24,09:41:24,Breakfast,,"[('Pancake', 10), ('Cereal', 9), ('Eggs', 8)]",607.5,-37.8097439,144.9727467,0,6.689,14.304374
ORDI03851,2018-01-23,08:40:33,Breakfast,NS,"[('Coffee', 4), ('Cereal', 6)]",156.0,-37.8082105,144.9345625,0,10.211,15.5977173
ORDY00647,2018-12-20,19:39:43,Dinner,TP,"[('Fish&Chips', 4), ('Shrimp', 4), ('Pasta', 9)]",603.5,-37.8141328,144.9596799,0,8.39,13.0793844
ORDK02879,2018-01-19,08:30:25,Breakfast,BK,"[('Cereal', 9), ('Pancake', 8)]",383.0,-37.7996973,144.973788,0,7.378,12.292096
ORDA09750,2018-11-22,18:49:00,Dinner,BK,"[('Pasta', 1), ('Shrimp', 2), ('Salmon', 4), ('Fish&Chips', 9)]",614.5,-37.8113228,144.9734694,0,6.81,13.6449692
ORDA06036,2018-01-17,08:30:25,Breakfast,,"[('Pancake', 6), ('Cereal', 4), ('Coffee', 10), ('Eggs', 2)]",348.5,-37.8053562,144.9703744,1,6.935,6.2513051
ORDJ07619,2018-01-24,08:40:33,Breakfast,TP,"[('Eggs', 5), ('Cereal', 8), ('Coffee', 1), ('Pancake', 10)]",528.0,-37.8056902,144.9266288,0,11.433,13.5500123
ORDZ08501,2018-07-17,14:25:21,Lunch,,"[('Steak', 4), ('Chicken', 7), ('Salad', 1), ('Fries', 5), ('Burger', 2)]",543.2,-37.801668,144.9340138,0,,15.7811544
ORDA00427,2018-07-22,14:35:29,Lunch,BK,"[('Steak', 9), ('Fries', 9), ('Salad', 2), ('Burger', 5), ('Chicken', 1)]",734.4,-37.800479,144.9588359,0,8.28,16.7313076
ORDZ08780,2018-02-14,09:21:07,Breakfast,NS,"[('Pancake', 2), ('Cereal', 10)]",258.5,-37.8107321,145.0100246,0,10.378,15.3377609
ORDI04173,2018-11-06,18:18:35,Dinner,,"[('Fish&Chips', 1), ('Pasta', 8)]",255.0,-37.8143114,144.9630425,0,,14.6894557
ORDY04799,2018-11-07,18:18:35,Dinner,TP,"[('Pasta', 8), ('Salmon', 9)]",589.0,-37.8141653,144.9632906,0,8.014,12.1590526
ORDI07721,2018-05-30,12:54:05,Lunch,NS,"[('Steak', 9), ('Burger', 10)]",715.0,-37.8174962,144.9900733,0,9.238,
ORDX01243,2018-03-30,10:52:23,Breakfast,BK,"[('Coffee', 7), ('Cereal', 10)]",262.5,-37.8103246,144.961283,0,7.626,12.8720244
ORDJ09517,2018-07-25,14:45:38,Lunch,TP,"[('Salad', 6), ('Chicken', 8), ('Burger', 8)]",607.2,-37.7396359,144.8463361,0,24.121,24.8273116
ORDA08951,2018-03-26,10:42:15,Breakfast,BK,"[('Pancake', 2), ('Coffee', 4), ('Cereal', 6), ('Eggs', 5)]",314.5,-37.8197141,144.9985171,0,5.068,9.6093767
ORDY06090,2018-12-10,19:19:26,Dinner,TP,"[('Salmon', 8), ('Shrimp', 9), ('Fish&Chips', 1), ('Pasta', 4)]",959.0,-37.8121891,144.9377208,0,10.771,
ORDC06479,2018-10-22,17:48:10,Dinner,NS,"[('Pasta', 10), ('Salmon', 2), ('Shrimp', 3), ('Fish&Chips', 10)]",869.0,-37.814368,144.9382372,0,9.803,16.1262786
ORDY07620,2018-04-16,11:22:49,Breakfast,TP,"[('Pancake', 3), ('Cereal', 9), ('Eggs', 1), ('Coffee', 3)]",306.25,-37.8136016,144.9572596,0,8.426,11.0685195
ORDY07788,2018-11-05,18:08:27,Dinner,,"[('Shrimp', 2), ('Pasta', 3)]",190.5,-37.8194535,144.9819245,0,8.948,12.9206552
ORDA05754,2018-05-14,12:23:39,Lunch,BK,"[('Salad', 9), ('Burger', 10), ('Chicken', 9), ('Steak', 3)]",887.8,-37.8022755,144.9807326,0,6.656,
ORDY07842,2018-09-27,16:57:27,Dinner,TP,"[('Shrimp', 1), ('Pasta', 4)]",164.0,-37.7997769,144.9655272,0,9.863,13.9292476
ORDX04883,2018-11-29,18:59:09,Dinner,,"[('Pasta', 4), ('Salmon', 10), ('Fish&Chips', 6), ('Shrimp', 4)]",946.0,-37.820782,144.9824636,0,6.676,14.1176724
ORDC10642,2018-03-30,10:52:23,Breakfast,NS,"[('Eggs', 5), ('Coffee', 5), ('Cereal', 5)]",252.5,-37.8112876,144.9617899,0,7.734,13.3025143
ORDX09792,2018-10-27,17:58:18,Dinner,,"[('Fish&Chips', 3), ('Pasta', 9), ('Shrimp', 5)]",622.5,-37.8178464,144.9640323,0,7.774,17.7295645
ORDA02817,2018-01-10,08:10:08,Breakfast,BK,"[('Coffee', 3), ('Cereal', 5), ('Pancake', 7), ('Eggs', 6)]",429.25,-37.80646,144.9570606,1,8.319,6.6465724
ORDB05034,2018-05-07,12:13:31,Lunch,TP,"[('Steak', 3), ('Salad', 3), ('Fries', 1), ('Chicken', 10), ('Burger', 4)]",642.6,-37.8142123,144.9612641,0,8.335,12.0563768
ORDA11025,2018-02-05,09:00:50,Breakfast,BK,"[('Eggs', 8), ('Cereal', 6), ('Pancake', 10)]",544.5,-37.8159454,144.9930088,0,5.229,9.8788486
ORDA01049,2018-03-02,09:51:32,Breakfast,,"[('Pancake', 5), ('Cereal', 4), ('Eggs', 10)]",425.25,-37.8055395,144.955269,0,8.156,12.9145294
ORDB04323,2018-11-24,18:49:00,Dinner,TP,"[('Salmon', 9), ('Fish&Chips', 3), ('Pasta', 5)]",611.5,-37.8256626,144.9979432,0,10.031,
ORDI06720,2018-02-20,09:31:16,Breakfast,NS,"[('Eggs', 2), ('Pancake', 9), ('Cereal', 8), ('Coffee', 8)]",490.25,-37.805093,144.9295737,0,10.386,15.4207855
ORDX02445,2018-11-01,17:58:18,Dinner,BK,"[('Salmon', 6), ('Fish&Chips', 10), ('Shrimp', 6), ('Pasta', 8)]",1140.0,-37.8124274,144.946739,0,9.824,16.677876
ORDX09623,2018-04-12,11:22:49,Breakfast,,"[('Coffee', 5), ('Cereal', 5)]",142.5,-37.8007405,144.9439472,0,,14.3687154
ORDK03050,2018-10-11,17:17:44,Dinner,BK,"[('Salmon', 10), ('Shrimp', 9), ('Fish&Chips', 8)]",1176.0,-37.8224422,144.9718403,0,7.784,14.612674
ORDK05627,2018-10-29,17:58:18,Dinner,BK,"[('Salmon', 5), ('Fish&Chips', 10)]",555.0,-37.8217972,144.9750466,0,7.506,14.4226271
ORDX01971,2018-01-30,08:50:42,Breakfast,,"[('Eggs', 5), ('Pancake', 10), ('Coffee', 6)]",397.5,-37.8234736,144.9781911,0,7.223,12.0316265
ORDX00048,2018-02-12,09:21:07,Breakfast,,"[('Cereal', 8), ('Eggs', 5), ('Coffee', 5), ('Pancake', 10)]",558.0,-37.8158964,144.972506,0,6.933,11.6016123
ORDA10141,2018-09-23,16:47:19,Dinner,,"[('Shrimp', 7), ('Pasta', 3)]",460.5,-37.8041594,144.9962001,0,,14.3209149
ORDB08916,2018-06-28,13:54:55,Lunch,TP,"[('Burger', 8), ('Chicken', 7), ('Fries', 6)]",544.0,-37.8119404,144.956533,0,8.623,11.4973557
ORDK02512,2018-12-28,20:00:00,Dinner,,"[('Shrimp', 3), ('Pasta', 8), ('Salmon', 6), ('Fish&Chips', 4)]",768.0,-37.8200777,144.9505965,0,,16.1568868
ORDB10510,2018-05-20,12:33:48,Lunch,TP,"[('Salad', 4), ('Burger', 5)]",223.8,-37.8097839,144.9932567,0,10.438,
ORDI09124,2018-03-21,10:32:06,Breakfast,NS,"[('Eggs', 8), ('Cereal', 9)]",365.0,-37.8134507,144.960142,0,8.104,12.8201007
ORDC04280,2018-05-29,12:54:05,Lunch,NS,"[('Steak', 8), ('Salad', 9), ('Burger', 9)]",793.8,-37.8166359,144.9875739,0,8.991,14.5269033
ORDA05610,2018-07-23,14:45:38,Lunch,,"[('Burger', 9), ('Fries', 7), ('Steak', 5)]",588.0,-37.8249302,145.0119503,0,4.997,10.2263205
ORDK04857,2018-07-07,14:15:12,Lunch,,"[('Chicken', 1), ('Burger', 6)]",218.0,-37.8056975,144.9414091,0,9.495,17.7201633
ORDZ02700,2018-10-16,17:27:53,Dinner,NS,"[('Shrimp', 10), ('Pasta', 9)]",787.5,-37.8179312,144.9934494,0,9.537,15.7331302
ORDY07505,2018-06-30,13:54:55,Lunch,TP,"[('Salad', 5), ('Chicken', 8), ('Burger', 5), ('Steak', 1)]",542.0,-37.8187778,144.9528494,0,9.76,14.5576374
ORDJ10094,2018-11-11,18:28:43,Dinner,TP,"[('Fish&Chips', 1), ('Salmon', 8), ('Pasta', 7)]",555.5,-37.8027286,144.9665224,0,9.556,15.4197412
ORDK01233,2018-10-22,17:48:10,Dinner,BK,"[('Fish&Chips', 9), ('Shrimp', 1), ('Salmon', 4), ('Pasta', 5)]",670.5,-37.8117319,145.0078157,0,3.485,9.3205666
ORDX00382,2018-03-11,10:11:49,Breakfast,BK,"[('Cereal', 1), ('Eggs', 4)]",109.0,-37.8046164,144.9632588,0,7.574,15.0262968
ORDB10451,2018-11-17,18:38:52,Dinner,TP,"[('Salmon', 1), ('Fish&Chips', 9), ('Shrimp', 5)]",626.0,-37.8149435,144.9446672,0,9.605,14.7449988
ORDK10292,2018-09-05,16:06:45,Dinner,BK,"[('Fish&Chips', 4), ('Pasta', 8), ('Salmon', 4)]",524.0,-37.8150169,144.9276057,0,11.839,18.7688537
ORDX00147,2018-07-22,14:35:29,Lunch,,"[('Steak', 6), ('Chicken', 2), ('Burger', 10), ('Fries', 6)]",716.0,-37.8087586,144.9467904,0,9.068,17.399969
ORDB02020,2018-11-27,18:59:09,Dinner,TP,"[('Shrimp', 3), ('Fish&Chips', 2), ('Salmon', 7)]",519.0,-37.8161305,144.9455199,0,9.494,13.4084848
ORDY06686,2018-01-05,08:00:00,Breakfast,TP,"[('Eggs', 8), ('Coffee', 4)]",206.0,-37.8216294,144.9614117,1,7.459,5.0674281
ORDI04586,2018-06-09,13:14:21,Lunch,NS,"[('Burger', 1), ('Chicken', 5), ('Steak', 8)]",551.0,-37.8148152,144.9642089,0,8.111,16.1143755
ORDB00588,2018-04-02,11:02:32,Breakfast,TP,"[('Pancake', 3), ('Eggs', 8)]",248.75,-37.806973,145.0055785,0,12.058,14.1883207
ORDZ03552,2018-12-06,19:09:17,Dinner,NS,"[('Fish&Chips', 7), ('Salmon', 6), ('Pasta', 7), ('Shrimp', 4)]",899.5,-37.8155869,144.96661,0,8.094,14.5108903
ORDB07710,2018-03-24,10:42:15,Breakfast,TP,"[('Pancake', 6), ('Eggs', 7), ('Coffee', 3)]",322.0,-37.8185792,144.9756236,0,8.412,
ORDA09095,2018-10-12,17:27:53,Dinner,BK,"[('Salmon', 4), ('Fish&Chips', 9), ('Pasta', 2)]",534.0,-37.8212021,144.9665444,0,7.964,14.9219565
ORDB04570,2018-02-19,09:31:16,Breakfast,,"[('Cereal', 6), ('Eggs', 7)]",280.0,-37.8025466,144.9350257,0,,12.9433183
ORDK03738,2018-09-02,16:06:45,Dinner,,"[('Fish&Chips', 9), ('Shrimp', 9)]",801.0,-37.8141545,144.9631103,0,,16.6789631
ORDI03752,2018-06-20,13:34:38,Lunch,NS,"[('Steak', 2), ('Burger', 1), ('Salad', 8), ('Fries', 10), ('Chicken', 9)]",666.6,-37.8127294,144.9619223,0,8.101,13.3952939
ORDK01523,2018-01-15,08:20:16,Breakfast,BK,"[('Coffee', 7), ('Eggs', 9), ('Cereal', 7), ('Pancake', 2)]",446.0,-37.8184735,144.9486815,1,9.202,7.206922
ORDA05163,2018-10-23,17:48:10,Dinner,,"[('Salmon', 4), ('Shrimp', 3)]",326.0,-37.8080899,144.9479402,0,,16.2241827
ORDZ02676,2018-12-19,19:39:43,Dinner,,"[('Shrimp', 10), ('Fish&Chips', 9), ('Pasta', 3), ('Salmon', 4)]",1101.5,-37.8142938,144.9389889,0,,15.850581
ORDJ10380,2018-06-11,13:14:21,Lunch,TP,"[('Steak', 6), ('Salad', 6), ('Fries', 10), ('Burger', 2), ('Chicken', 1)]",587.2,-37.8138149,144.959666,0,8.414,11.8103126
ORDY00575,2018-01-27,08:50:42,Breakfast,TP,"[('Eggs', 5), ('Coffee', 9)]",177.5,-37.8197307,144.9409712,0,9.773,13.2968918
ORDI10729,2018-04-13,11:22:49,Breakfast,NS,"[('Pancake', 7), ('Coffee', 3), ('Eggs', 8), ('Cereal', 4)]",452.25,-37.8195302,144.9637571,0,8.788,13.662055
ORDI04399,2018-03-06,10:01:41,Breakfast,NS,"[('Eggs', 9), ('Cereal', 2), ('Pancake', 8)]",434.0,-37.8098862,144.9763827,0,7.829,12.5559294
ORDC10796,2018-12-26,19:49:51,Dinner,NS,"[('Fish&Chips', 3), ('Salmon', 4), ('Pasta', 8)]",489.0,-37.8137121,144.9721086,0,7.697,13.4986502
ORDI03839,2018-12-12,19:29:34,Dinner,NS,"[('Fish&Chips', 6), ('Shrimp', 6), ('Pasta', 10), ('Salmon', 6)]",1055.0,-37.823493,144.987923,0,9.384,15.1796722
ORDC03973,2018-02-15,09:21:07,Breakfast,,"[('Pancake', 1), ('Cereal', 2), ('Coffee', 2), ('Eggs', 2)]",125.25,-37.8117548,145.0004319,0,,14.5711397
ORDC03585,2018-03-14,10:21:58,Breakfast,NS,"[('Coffee', 5), ('Eggs', 10)]",257.5,-37.8166344,144.966435,0,8.252,13.4396
ORDA01038,2018-02-04,09:00:50,Breakfast,BK,"[('Pancake', 2), ('Eggs', 9), ('Coffee', 9), ('Cereal', 5)]",419.0,-37.8166534,144.9906965,0,5.531,12.2802401
ORDK01181,2018-06-12,13:24:30,Lunch,BK,"[('Burger', 10), ('Fries', 7)]",394.0,-37.815136,144.9419156,0,9.544,15.2117407
ORDI05843,2018-05-28,12:54:05,Lunch,NS,"[('Fries', 4), ('Burger', 3)]",141.0,-37.8088656,144.9541855,0,8.24,13.3254469
ORDI07244,2018-04-08,11:12:40,Breakfast,,"[('Eggs', 9), ('Coffee', 6), ('Pancake', 6)]",388.5,-37.8080366,144.9689175,0,6.942,14.3180867
ORDY09379,2018-05-23,12:43:56,Lunch,TP,"[('Burger', 9), ('Salad', 10), ('Fries', 10), ('Steak', 1), ('Chicken', 7)]",840.0,-37.8147435,144.9875053,0,9.766,13.1147359
ORDZ00029,2018-11-04,18:08:27,Dinner,,"[('Salmon', 6), ('Pasta', 1), ('Fish&Chips', 6)]",483.5,-37.8037021,145.0047915,0,9.39,16.9450744
ORDA09299,2018-05-04,12:03:22,Lunch,BK,"[('Burger', 1), ('Steak', 9), ('Chicken', 7)]",660.0,-37.8001972,144.9354185,0,12.209,18.1258504
ORDC00695,2018-09-03,16:06:45,Dinner,NS,"[('Fish&Chips', 6), ('Shrimp', 2)]",318.0,-37.8148287,144.9356469,0,10.172,16.0931204
ORDB05077,2018-04-28,11:53:14,Breakfast,,"[('Eggs', 4), ('Pancake', 8), ('Coffee', 5)]",319.5,-37.8232929,144.9686085,0,7.973,12.574166
ORDC02873,2018-12-08,19:19:26,Dinner,NS,"[('Fish&Chips', 6), ('Pasta', 3), ('Salmon', 9), ('Shrimp', 1)]",715.5,-37.8211244,144.9475102,0,9.826,17.5699492
ORDX02017,2018-02-28,09:51:32,Breakfast,BK,"[('Eggs', 5), ('Pancake', 9), ('Coffee', 9), ('Cereal', 1)]",416.75,-37.8132344,145.0001751,0,4.342,9.3146604
ORDX08178,2018-08-05,15:05:54,Lunch,BK,"[('Chicken', 2), ('Steak', 1), ('Fries', 3)]",145.0,-37.8132756,144.9515121,0,8.551,16.5190227
ORDJ06886,2018-02-08,09:10:59,Breakfast,TP,"[('Eggs', 8), ('Pancake', 7), ('Cereal', 9), ('Coffee', 7)]",587.25,-37.8215657,144.9805243,0,8.702,11.4095959
ORDC01359,2018-03-26,10:42:15,Breakfast,NS,"[('Cereal', 3), ('Pancake', 10), ('Coffee', 2)]",320.5,-37.8012083,144.9742299,0,6.461,11.3840401
ORDZ07310,2018-09-22,16:47:19,Dinner,,"[('Fish&Chips', 1), ('Salmon', 1), ('Shrimp', 6), ('Pasta', 3)]",482.5,-37.824643,144.9720642,0,9.22,17.0530158
ORDJ04638,2018-07-18,14:35:29,Lunch,TP,"[('Burger', 5), ('Fries', 9)]",263.0,-37.8123656,144.9683329,0,8.696,12.7405775
ORDX00169,2018-12-04,19:09:17,Dinner,,"[('Pasta', 7), ('Shrimp', 10), ('Fish&Chips', 1), ('Salmon', 1)]",808.5,-37.8054411,144.9333019,0,,17.3063006
ORDJ06920,2018-09-18,16:37:10,Dinner,,"[('Salmon', 5), ('Fish&Chips', 6), ('Shrimp', 4)]",631.0,-37.815718,145.0028708,0,11.089,15.2686973
ORDC04138,2018-10-29,17:58:18,Dinner,NS,"[('Shrimp', 9), ('Pasta', 10)]",761.0,-37.8212237,144.9664677,0,8.88,14.668067
ORDX02368,2018-12-17,19:39:43,Dinner,BK,"[('Fish&Chips', 1), ('Pasta', 10)]",310.0,-37.8225249,144.9353059,0,10.601,17.646439
ORDX05707,2018-02-06,09:10:59,Breakfast,BK,"[('Pancake', 7), ('Cereal', 5), ('Coffee', 2)]",289.75,-37.8246287,144.9884774,0,6.439,11.4036855
ORDI07219,2018-12-16,19:29:34,Dinner,NS,"[('Salmon', 10), ('Shrimp', 9), ('Pasta', 1)]",923.5,-37.8180679,144.9946701,0,9.647,17.5060853
ORDK08235,2018-01-30,08:50:42,Breakfast,BK,"[('Pancake', 7), ('Coffee', 1)]",177.25,-37.8234736,144.9781911,0,7.223,11.7717858
ORDK04542,2018-04-29,11:53:14,Breakfast,BK,"[('Pancake', 5), ('Coffee', 6), ('Cereal', 8), ('Eggs', 1)]",356.25,-37.8045496,144.969735,0,7.08,14.6352326
ORDJ01143,2018-12-01,18:59:09,Dinner,TP,"[('Shrimp', 5), ('Salmon', 9), ('Pasta', 4)]",749.0,-37.8095839,144.9724437,0,9.119,14.9081259
ORDJ01240,2018-06-16,13:24:30,Lunch,,"[('Salad', 7), ('Fries', 5), ('Burger', 6), ('Chicken', 2), ('Steak', 10)]",880.4,-37.822442,144.9846368,0,,14.2898372
ORDY02514,2018-07-28,14:55:46,Lunch,TP,"[('Burger', 9), ('Fries', 6), ('Steak', 5), ('Chicken', 3), ('Salad', 6)]",775.2,-37.8047344,144.9882562,0,10.61,15.1365174
ORDB06702,2018-10-14,17:27:53,Dinner,TP,"[('Salmon', 5), ('Pasta', 8)]",425.0,-37.8193695,144.9618249,0,8.109,14.3669121
ORDB03288,2018-05-23,12:43:56,Lunch,,"[('Salad', 5), ('Steak', 7), ('Burger', 6)]",587.0,-37.8146613,144.9854064,0,9.495,12.9097089
ORDX02466,2018-11-27,18:59:09,Dinner,,"[('Shrimp', 1), ('Pasta', 1)]",81.5,-37.8116759,144.9454851,0,,16.468556
ORDC00144,2018-04-19,11:32:57,Breakfast,NS,"[('Eggs', 8), ('Coffee', 5)]",213.5,-37.8159739,144.9724644,0,7.883,12.9831422
ORDK00363,2018-02-22,09:41:24,Breakfast,BK,"[('Pancake', 2), ('Coffee', 8), ('Cereal', 4), ('Eggs', 4)]",280.5,-37.8036999,144.932203,0,10.309,15.4611358
ORDZ09565,2018-06-03,13:04:13,Lunch,,"[('Salad', 2), ('Steak', 9)]",439.4,-37.7993535,144.9672439,0,6.46,13.9901798
ORDB09338,2018-10-02,17:07:36,Dinner,TP,"[('Pasta', 6), ('Shrimp', 5), ('Fish&Chips', 3), ('Salmon', 10)]",950.0,-37.8029429,144.9633573,0,9.539,13.3211171
ORDY02240,2018-07-03,14:05:04,Lunch,TP,"[('Salad', 9), ('Steak', 8), ('Chicken', 2)]",578.8,-37.8117065,144.9646647,0,8.392,
ORDC00208,2018-03-12,10:11:49,Breakfast,NS,"[('Pancake', 9), ('Cereal', 6)]",344.25,-37.8192464,144.9424488,0,9.858,15.2956667
ORDB09611,2018-03-17,10:21:58,Breakfast,TP,"[('Pancake', 2), ('Cereal', 6), ('Coffee', 4), ('Eggs', 10)]",424.5,-37.8190395,144.9583147,0,7.944,12.2450647
ORDX10932,2018-12-21,19:39:43,Dinner,BK,"[('Salmon', 1), ('Pasta', 8)]",261.0,-37.8146711,144.9376032,0,9.936,17.0179101
ORDC09293,2018-09-20,16:37:10,Dinner,NS,"[('Pasta', 5), ('Shrimp', 9), ('Fish&Chips', 5)]",798.5,-37.8249379,144.928529,0,9.6,15.6811752
ORDZ09260,2018-12-31,20:00:00,Dinner,NS,"[('Shrimp', 6), ('Fish&Chips', 3), ('Salmon', 2), ('Pasta', 7)]",703.5,-37.8052463,145.0043931,0,9.936,16.2174703
ORDK04380,2018-03-16,10:21:58,Breakfast,BK,"[('Pancake', 6), ('Eggs', 6)]",277.5,-37.8081494,144.9426014,0,9.644,14.64148
ORDI07934,2018-03-17,10:21:58,Breakfast,NS,"[('Pancake', 10), ('Cereal', 6)]",368.5,-37.8220638,144.9740074,0,9.168,
ORDY08208,2018-11-15,18:28:43,Dinner,TP,"[('Salmon', 1), ('Pasta', 9), ('Fish&Chips', 3), ('Shrimp', 3)]",555.5,-37.8143388,144.9431597,0,9.826,
ORDB06262,2018-06-15,13:24:30,Lunch,TP,"[('Fries', 10), ('Salad', 2), ('Burger', 9)]",433.4,-37.8134886,144.9656257,0,8.208,11.4512763
ORDC10543,2018-03-16,10:21:58,Breakfast,,"[('Eggs', 1), ('Coffee', 9), ('Cereal', 4)]",173.5,-37.8134369,144.9896395,0,8.868,14.1452441
ORDJ05391,2018-02-08,09:10:59,Breakfast,TP,"[('Pancake', 9), ('Eggs', 9)]",416.25,-37.8207999,144.9794147,0,8.697,11.2781659
ORDB03704,2018-10-25,17:48:10,Dinner,TP,"[('Shrimp', 2), ('Salmon', 3)]",231.0,-37.8204732,144.9663117,0,7.42,11.952691
ORDC05109,2018-06-16,13:24:30,Lunch,NS,"[('Burger', 10), ('Chicken', 3), ('Salad', 7), ('Steak', 6)]",796.4,-37.8124211,145.0098233,0,10.427,18.1595329
ORDX00418,2018-12-06,19:19:26,Dinner,BK,"[('Salmon', 9), ('Shrimp', 9), ('Pasta', 10)]",1130.0,-37.8148482,144.9691384,0,7.277,13.9100685
ORDC04529,2018-11-22,18:49:00,Dinner,NS,"[('Pasta', 4), ('Shrimp', 5), ('Fish&Chips', 8), ('Salmon', 8)]",988.0,-37.8207745,144.9846564,0,9.276,15.4592643
ORDZ02784,2018-08-04,15:05:54,Lunch,NS,"[('Fries', 10), ('Steak', 10)]",570.0,-37.8217092,144.9487024,0,9.84,17.368083
ORDB06173,2018-01-02,08:00:00,Breakfast,TP,"[('Coffee', 8), ('Pancake', 5)]",181.25,-37.8271878,144.9940192,1,10.066,6.5106729
ORDA09908,2018-03-28,10:42:15,Breakfast,BK,"[('Coffee', 2), ('Pancake', 4), ('Cereal', 5)]",217.0,-37.8142203,144.9649534,0,7.666,12.4701423
ORDX09455,2018-05-17,12:23:39,Lunch,BK,"[('Burger', 9), ('Salad', 10), ('Steak', 6), ('Fries', 4)]",769.0,-37.81056,144.9642987,0,7.427,13.3843195
ORDK08857,2018-05-19,12:33:48,Lunch,BK,"[('Burger', 7), ('Chicken', 7), ('Fries', 6), ('Steak', 9), ('Salad', 5)]",1004.0,-37.8039764,144.9574981,0,8.008,15.959371
ORDB10956,2018-07-19,14:35:29,Lunch,TP,"[('Salad', 4), ('Fries', 7), ('Burger', 6)]",338.8,-37.8059722,144.9794514,0,9.713,12.8892113
ORDY07458,2018-10-29,17:58:18,Dinner,TP,"[('Pasta', 2), ('Salmon', 9), ('Fish&Chips', 5), ('Shrimp', 10)]",1139.0,-37.8206287,144.9707674,0,7.801,12.3867144
ORDI07237,2018-03-09,10:11:49,Breakfast,,"[('Coffee', 7), ('Cereal', 2), ('Pancake', 6)]",240.0,-37.8065623,144.9468069,0,,13.3314159
ORDB01955,2018-11-11,18:28:43,Dinner,TP,"[('Pasta', 5), ('Fish&Chips', 6), ('Salmon', 4)]",511.5,-37.8007968,144.9643368,0,9.815,
ORDA10750,2018-01-02,08:00:00,Breakfast,BK,"[('Coffee', 2), ('Eggs', 6), ('Pancake', 3)]",219.75,-37.7991359,145.0106154,1,5.051,5.1986638
ORDJ00418,2018-09-22,16:47:19,Dinner,TP,"[('Shrimp', 5), ('Pasta', 6), ('Fish&Chips', 10), ('Salmon', 2)]",867.0,-37.8002739,144.9362757,0,11.281,16.2616499
ORDA06701,2018-06-29,13:54:55,Lunch,BK,"[('Fries', 4), ('Salad', 9)]",202.8,-37.8164393,144.978935,0,6.628,12.5964564
ORDA01323,2018-10-11,17:17:44,Dinner,BK,"[('Shrimp', 7), ('Pasta', 2)]",433.0,-37.8120027,144.953523,0,8.42,15.4534023
ORDJ02037,2018-02-21,09:41:24,Breakfast,TP,"[('Pancake', 4), ('Eggs', 10), ('Cereal', 1), ('Coffee', 8)]",398.0,-37.8073307,144.9094355,0,12.91,15.1354847
ORDB10558,2018-03-02,09:51:32,Breakfast,TP,"[('Coffee', 7), ('Pancake', 3), ('Cereal', 7)]",272.25,-37.8054867,144.9351555,0,10.765,13.7106961
ORDA10903,2018-02-22,09:41:24,Breakfast,BK,"[('Eggs', 8), ('Coffee', 8), ('Cereal', 5), ('Pancake', 9)]",559.25,-37.8260999,144.9847408,0,7.356,11.7745314
ORDB03315,2018-09-21,16:37:10,Dinner,TP,"[('Salmon', 6), ('Fish&Chips', 2), ('Pasta', 1), ('Shrimp', 3)]",505.5,-37.8200398,144.958327,0,7.879,12.2427079
ORDZ01673,2018-01-13,08:20:16,Breakfast,NS,"[('Pancake', 10), ('Cereal', 6), ('Eggs', 1)]",390.5,-37.8160065,144.938349,1,9.96,8.6217681
ORDK02452,2018-11-24,18:49:00,Dinner,BK,"[('Shrimp', 8), ('Pasta', 8), ('Fish&Chips', 8), ('Salmon', 4)]",1096.0,-37.8129572,144.9405455,0,9.67,19.0645093
ORDJ02275,2018-05-06,12:03:22,Lunch,TP,"[('Steak', 8), ('Salad', 7)]",480.4,-37.8023505,145.0095602,0,12.417,
ORDA03487,2018-07-31,14:55:46,Lunch,BK,"[('Burger', 6), ('Fries', 7), ('Steak', 6), ('Chicken', 10)]",860.0,-37.8081941,144.9998632,0,4.393,
ORDK09283,2018-11-13,18:28:43,Dinner,BK,"[('Pasta', 3), ('Salmon', 7)]",369.5,-37.8051076,144.9774461,0,7.134,14.6493765
ORDY02924,2018-02-19,09:31:16,Breakfast,TP,"[('Cereal', 7), ('Eggs', 1), ('Pancake', 5)]",290.25,-37.8084171,144.9627922,0,8.819,10.9768517
ORDY06893,2018-03-11,10:11:49,Breakfast,TP,"[('Eggs', 4), ('Pancake', 3)]",160.75,-37.8042311,144.9631878,0,9.277,13.4563344
ORDC10647,2018-05-31,12:54:05,Lunch,NS,"[('Salad', 10), ('Fries', 3), ('Chicken', 9), ('Steak', 5), ('Burger', 8)]",969.0,-37.8059784,144.9872632,0,8.045,13.5915277
ORDY05842,2018-12-15,19:29:34,Dinner,,"[('Fish&Chips', 10), ('Pasta', 10), ('Salmon', 9), ('Shrimp', 8)]",1426.0,-37.8243246,144.9439659,0,,14.5907737
ORDY08534,2018-02-24,09:41:24,Breakfast,TP,"[('Pancake', 2), ('Cereal', 6)]",174.5,-37.8163708,144.9603311,0,8.166,12.034998
ORDX10429,2018-03-28,10:52:23,Breakfast,BK,"[('Eggs', 8), ('Pancake', 4), ('Coffee', 8), ('Cereal', 2)]",375.0,-37.8128617,144.964225,0,7.642,12.1177269
ORDZ10054,2018-10-27,17:58:18,Dinner,,"[('Pasta', 7), ('Salmon', 10), ('Fish&Chips', 3)]",707.5,-37.8111269,144.9451274,0,,17.3866436
ORDZ10702,2018-04-07,11:12:40,Breakfast,NS,"[('Coffee', 10), ('Eggs', 7), ('Cereal', 3), ('Pancake', 7)]",461.75,-37.816741,145.0088132,0,10.752,17.8687842
ORDJ07603,2018-12-16,19:29:34,Dinner,TP,"[('Fish&Chips', 2), ('Shrimp', 8), ('Salmon', 6)]",748.0,-37.8184922,144.948613,0,9.01,
ORDX08761,2018-05-07,12:03:22,Lunch,,"[('Fries', 6), ('Burger', 6), ('Steak', 5), ('Chicken', 1), ('Salad', 6)]",618.2,-37.8073136,144.9556261,0,,14.0187251
ORDB07719,2018-12-07,19:19:26,Dinner,TP,"[('Fish&Chips', 8), ('Salmon', 1), ('Shrimp', 5)]",591.0,-37.8208139,144.9480607,0,8.925,13.1994525
ORDZ00663,2018-11-07,18:18:35,Dinner,NS,"[('Shrimp', 4), ('Salmon', 3), ('Fish&Chips', 5)]",514.0,-37.809311,144.9609766,0,7.731,13.3257654
ORDJ07964,2018-06-26,13:44:47,Lunch,TP,"[('Chicken', 9), ('Burger', 6), ('Steak', 9)]",879.0,-37.8194929,144.9631072,0,8.058,11.2316613
ORDJ07023,2018-04-23,11:43:05,Breakfast,TP,"[('Cereal', 2), ('Pancake', 5), ('Eggs', 2)]",207.25,-37.8174188,144.9688707,0,8.002,10.8408085
ORDX06013,2018-04-24,11:43:05,Breakfast,BK,"[('Eggs', 9), ('Cereal', 5), ('Coffee', 4), ('Pancake', 6)]",478.5,-37.8186521,144.9681756,0,7.504,
ORDZ07730,2018-08-22,15:46:28,Lunch,,"[('Salad', 10), ('Burger', 8), ('Steak', 7), ('Chicken', 1), ('Fries', 3)]",803.0,-37.8218782,145.0139653,0,11.546,16.6833491
ORDC08580,2018-11-26,18:49:00,Dinner,NS,"[('Salmon', 8), ('Pasta', 5), ('Shrimp', 5)]",735.5,-37.8043204,145.0010742,0,9.387,15.6927242
ORDA02386,2018-09-29,16:57:27,Dinner,BK,"[('Fish&Chips', 9), ('Shrimp', 10), ('Salmon', 2)]",937.0,-37.8030195,144.9497312,0,8.727,18.3504279
ORDX07939,2018-12-21,19:39:43,Dinner,,"[('Shrimp', 2), ('Salmon', 6), ('Fish&Chips', 5), ('Pasta', 3)]",611.5,-37.8056958,144.9614712,0,,14.5704392
ORDJ01468,2018-03-16,10:21:58,Breakfast,TP,"[('Cereal', 5), ('Eggs', 7), ('Coffee', 3)]",281.5,-37.8132691,144.9884997,0,9.797,12.09522
ORDB10607,2018-05-20,12:33:48,Lunch,,"[('Burger', 3), ('Steak', 6), ('Chicken', 5), ('Fries', 5), ('Salad', 2)]",617.4,-37.8097468,144.9925222,0,10.371,15.6551187
ORDY10050,2018-12-26,19:49:51,Dinner,TP,"[('Pasta', 3), ('Shrimp', 3)]",244.5,-37.8156586,144.9582475,0,8.176,12.4734094
ORDA03289,2018-11-26,18:59:09,Dinner,BK,"[('Salmon', 5), ('Pasta', 10), ('Fish&Chips', 6), ('Shrimp', 3)]",852.0,-37.8265498,144.962967,0,8.778,15.6890289
ORDK00141,2018-07-29,14:55:46,Lunch,,"[('Steak', 5), ('Chicken', 4), ('Fries', 8), ('Salad', 9)]",603.8,-37.8128225,144.9479064,0,10.357,18.4544999
ORDA05429,2018-11-03,18:08:27,Dinner,,"[('Pasta', 3), ('Shrimp', 6), ('Salmon', 10), ('Fish&Chips', 4)]",956.5,-37.8031667,145.0044974,0,,14.3424264
ORDZ01856,2018-08-31,15:56:37,Lunch,NS,"[('Chicken', 6), ('Fries', 2), ('Steak', 4)]",396.0,-37.8058243,144.9582752,0,7.758,13.2733158
ORDY03638,2018-05-16,12:23:39,Lunch,TP,"[('Salad', 9), ('Steak', 1), ('Chicken', 7)]",423.8,-37.8116075,144.9647411,0,8.412,11.9063337
ORDY08920,2018-12-12,19:29:34,Dinner,TP,"[('Pasta', 3), ('Fish&Chips', 7)]",327.5,-37.8203732,144.9574735,0,7.954,12.2838991
ORDX02749,2018-10-30,17:58:18,Dinner,BK,"[('Pasta', 7), ('Fish&Chips', 10), ('Shrimp', 8)]",974.5,-37.8216454,144.9944913,0,5.661,12.6514005
ORDZ01372,2018-04-11,11:12:40,Breakfast,NS,"[('Coffee', 4), ('Pancake', 7)]",199.75,-37.8054558,144.9440242,0,9.025,13.9578272
ORDX04757,2018-05-18,12:33:48,Lunch,BK,"[('Chicken', 9), ('Steak', 5)]",513.0,-37.814907,144.9449427,0,9.167,15.5534195
ORDJ01190,2018-09-01,16:06:45,Dinner,TP,"[('Salmon', 10), ('Fish&Chips', 8)]",690.0,-37.8148987,144.9604959,0,8.245,14.2295068
ORDC00979,2018-06-22,13:44:47,Lunch,NS,"[('Fries', 9), ('Steak', 2), ('Chicken', 6)]",390.0,-37.8045032,144.9285612,0,10.486,
ORDY08025,2018-11-15,18:28:43,Dinner,TP,"[('Pasta', 5), ('Shrimp', 1), ('Salmon', 6), ('Fish&Chips', 4)]",577.5,-37.8212208,144.9839138,0,8.993,13.2780841
ORDZ01397,2018-03-16,10:21:58,Breakfast,NS,"[('Eggs', 9), ('Cereal', 1)]",219.0,-37.8075842,144.9708509,0,6.984,12.2767936
ORDK04970,2018-06-20,13:34:38,Lunch,BK,"[('Burger', 1), ('Steak', 9)]",436.0,-37.8039058,144.9978162,0,4.978,10.7054375
ORDI00866,2018-01-04,08:00:00,Breakfast,NS,"[('Coffee', 7), ('Eggs', 4)]",140.5,-37.8207051,144.9485447,1,9.721,
ORDJ07823,2018-09-18,16:37:10,Dinner,TP,"[('Salmon', 2), ('Fish&Chips', 3), ('Shrimp', 2), ('Pasta', 5)]",432.5,-37.8148464,145.0029943,0,11.187,14.9900521
ORDI06336,2018-04-23,11:43:05,Breakfast,NS,"[('Coffee', 3), ('Pancake', 1), ('Cereal', 6), ('Eggs', 2)]",216.75,-37.8221849,144.9515765,0,9.703,
ORDI10286,2018-12-16,19:29:34,Dinner,NS,"[('Fish&Chips', 3), ('Salmon', 3), ('Pasta', 6), ('Shrimp', 3)]",555.0,-37.8244158,144.9444822,0,10.495,18.8091208
ORDC02215,2018-09-16,16:27:02,Dinner,NS,"[('Shrimp', 10), ('Salmon', 6), ('Fish&Chips', 5)]",961.0,-37.8062369,144.9416974,0,9.344,17.7673178
ORDA09397,2018-05-27,12:43:56,Lunch,BK,"[('Salad', 4), ('Burger', 1), ('Chicken', 6)]",291.8,-37.8233376,144.9791279,0,7.108,15.0319798
ORDY05367,2018-12-14,19:29:34,Dinner,,"[('Pasta', 1), ('Shrimp', 9), ('Salmon', 10)]",923.5,-37.8226648,144.9470849,0,8.871,13.2040971
ORDB07197,2018-09-01,15:56:37,Lunch,TP,"[('Fries', 2), ('Burger', 1)]",55.0,-37.8168728,144.9543047,0,8.504,13.7165247
ORDY08612,2018-07-11,14:15:12,Lunch,TP,"[('Steak', 1), ('Burger', 4)]",169.0,-37.8094889,144.9679925,0,8.887,12.5946745
ORDK02785,2018-03-08,10:11:49,Breakfast,,"[('Coffee', 10), ('Eggs', 7), ('Pancake', 4), ('Cereal', 5)]",431.0,-37.8079064,144.9730355,0,6.522,11.5114068
ORDA05067,2018-12-02,19:09:17,Dinner,BK,"[('Salmon', 6), ('Shrimp', 5)]",516.0,-37.8210935,144.9878702,0,6.108,15.8038627
ORDC07125,2018-08-20,15:36:20,Lunch,NS,"[('Fries', 5), ('Steak', 6), ('Salad', 10)]",502.0,-37.8083307,144.9409115,0,10.064,15.9046516
ORDX11096,2018-07-08,14:15:12,Lunch,BK,"[('Burger', 6), ('Steak', 10), ('Fries', 9), ('Chicken', 9), ('Salad', 1)]",1049.2,-37.8169046,144.9780254,0,6.765,14.7839914
ORDK06936,2018-04-30,11:53:14,Breakfast,BK,"[('Coffee', 3), ('Eggs', 2), ('Pancake', 3)]",139.25,-37.804481,144.9530119,0,8.462,
ORDJ06432,2018-11-06,18:18:35,Dinner,TP,"[('Fish&Chips', 5), ('Shrimp', 8)]",607.0,-37.8123619,144.9621441,0,8.254,12.8768346
ORDK08286,2018-07-17,14:35:29,Lunch,,"[('Chicken', 7), ('Salad', 9), ('Burger', 10)]",688.8,-37.801387,144.9806043,0,,12.5289028
ORDK04739,2018-04-10,11:12:40,Breakfast,BK,"[('Cereal', 6), ('Coffee', 4), ('Eggs', 5), ('Pancake', 6)]",411.5,-37.8046445,144.9398597,0,9.983,
ORDY10547,2018-03-10,10:11:49,Breakfast,,"[('Cereal', 4), ('Coffee', 7), ('Pancake', 1), ('Eggs', 4)]",248.75,-37.823348,144.9784058,0,8.29,12.8373014
ORDJ04123,2018-04-04,11:02:32,Breakfast,TP,"[('Pancake', 8), ('Cereal', 8), ('Eggs', 7), ('Coffee', 1)]",523.5,-37.8184279,144.9484572,0,9.03,11.888926
ORDZ07006,2018-01-30,08:50:42,Breakfast,NS,"[('Cereal', 6), ('Eggs', 7), ('Coffee', 1)]",287.5,-37.8054056,144.9967164,0,8.786,13.7050492
ORDX06030,2018-01-30,08:50:42,Breakfast,BK,"[('Eggs', 5), ('Cereal', 1), ('Coffee', 4), ('Pancake', 7)]",330.75,-37.8054056,144.9967164,0,4.874,9.6474409
ORDZ00342,2018-08-14,15:26:11,Lunch,NS,"[('Burger', 3), ('Steak', 8), ('Chicken', 9), ('Salad', 7), ('Fries', 7)]",945.4,-37.8133745,144.9663404,0,7.812,
ORDA08100,2018-10-11,17:17:44,Dinner,BK,"[('Salmon', 7), ('Shrimp', 7), ('Pasta', 4)]",775.0,-37.8230011,144.9708771,0,7.892,15.3309399
ORDA09465,2018-02-15,09:21:07,Breakfast,BK,"[('Pancake', 7), ('Eggs', 5)]",279.75,-37.8118825,144.9695648,0,7.166,11.9822904
ORDJ05440,2018-04-07,11:12:40,Breakfast,TP,"[('Coffee', 9), ('Eggs', 4), ('Pancake', 7), ('Cereal', 1)]",346.25,-37.816741,145.0088132,0,11.593,15.393319
ORDC10074,2018-12-20,19:39:43,Dinner,NS,"[('Pasta', 6), ('Shrimp', 2), ('Salmon', 6), ('Fish&Chips', 10)]",869.0,-37.8132674,144.933444,0,8.961,15.4396194
ORDY01892,2018-02-09,09:10:59,Breakfast,TP,"[('Coffee', 7), ('Eggs', 10), ('Cereal', 2), ('Pancake', 9)]",532.75,-37.8103869,144.9668321,0,8.7,12.0116838
ORDI09222,2018-03-30,10:52:23,Breakfast,NS,"[('Coffee', 6), ('Pancake', 4)]",142.0,-37.8161506,144.9640297,0,8.267,13.3057417
ORDJ06258,2018-12-21,19:39:43,Dinner,TP,"[('Salmon', 9), ('Fish&Chips', 2)]",439.0,-37.8020051,144.9651501,0,9.61,
ORDA10410,2018-05-09,12:13:31,Lunch,,"[('Salad', 9), ('Steak', 1), ('Fries', 8), ('Chicken', 9)]",583.8,-37.8163438,144.987727,0,5.775,11.4241779
ORDK09526,2018-07-09,14:15:12,Lunch,BK,"[('Fries', 4), ('Chicken', 7)]",272.0,-37.825172,144.9826071,0,6.988,13.148533
ORDZ00010,2018-10-10,17:17:44,Dinner,NS,"[('Salmon', 8), ('Shrimp', 7), ('Pasta', 7)]",898.5,-37.8123731,144.9532015,0,8.495,14.7178451
ORDZ00374,2018-04-10,11:12:40,Breakfast,,"[('Eggs', 9), ('Coffee', 2)]",213.0,-37.8100391,144.9047525,0,,16.8755983
ORDI08794,2018-04-06,11:02:32,Breakfast,NS,"[('Eggs', 4), ('Coffee', 9), ('Pancake', 8), ('Cereal', 8)]",517.5,-37.8184408,144.9641801,0,8.588,13.620215
ORDJ07780,2018-11-07,18:18:35,Dinner,TP,"[('Salmon', 4), ('Fish&Chips', 3), ('Pasta', 1), ('Shrimp', 4)]",512.5,-37.8112288,144.9618602,0,8.375,12.2240636
ORDI10893,2018-12-17,19:39:43,Dinner,NS,"[('Pasta', 10), ('Fish&Chips', 7), ('Salmon', 9)]",889.0,-37.8065212,144.9493519,0,8.559,14.6508666
ORDX00374,2018-03-03,10:01:41,Breakfast,BK,"[('Pancake', 5), ('Coffee', 2)]",136.25,-37.8185141,144.9758658,0,7.103,13.888188
ORDJ09463,2018-08-04,15:05:54,Lunch,TP,"[('Steak', 7), ('Salad', 10), ('Chicken', 8)]",743.0,-37.803603,144.9499768,0,9.942,14.2948712
ORDK04992,2018-04-19,11:32:57,Breakfast,BK,"[('Pancake', 5), ('Eggs', 8), ('Coffee', 1)]",304.75,-37.8149463,144.9576909,0,8.27,13.2309508
ORDK04480,2018-12-20,19:39:43,Dinner,BK,"[('Shrimp', 10), ('Fish&Chips', 8)]",820.0,-37.8211236,144.9549655,0,8.598,15.5779831
ORDB08632,2018-02-26,09:51:32,Breakfast,TP,"[('Coffee', 1), ('Pancake', 2), ('Cereal', 4), ('Eggs', 3)]",206.0,-37.8233242,144.9674463,0,7.823,10.9160828
ORDI02308,2018-08-27,15:46:28,Lunch,NS,"[('Salad', 5), ('Chicken', 6), ('Fries', 1), ('Steak', 1), ('Burger', 8)]",583.0,-37.803436,144.9835041,0,7.435,12.749395
ORDK01493,2018-02-28,09:51:32,Breakfast,BK,"[('Coffee', 6), ('Pancake', 2), ('Cereal', 6)]",219.5,-37.8145067,144.9999352,0,4.486,9.5740302
ORDA09269,2018-05-30,12:54:05,Lunch,BK,"[('Fries', 7), ('Steak', 2)]",174.0,-37.7987872,144.9592297,0,8.485,14.7598844
ORDI07471,2018-09-06,16:16:54,Dinner,NS,"[('Salmon', 2), ('Pasta', 8), ('Shrimp', 9), ('Fish&Chips', 6)]",998.0,-37.816662,144.984051,0,8.738,14.3157489
ORDX07816,2018-06-29,13:54:55,Lunch,BK,"[('Chicken', 1), ('Steak', 2), ('Salad', 5)]",208.0,-37.8200766,145.002121,0,4.798,10.4364695
ORDY00999,2018-09-27,16:57:27,Dinner,TP,"[('Shrimp', 8), ('Salmon', 3), ('Fish&Chips', 8), ('Pasta', 5)]",972.5,-37.8154148,144.9957856,0,10.465,
ORDB05798,2018-09-07,16:16:54,Dinner,TP,"[('Salmon', 1), ('Fish&Chips', 1)]",76.0,-37.81989,144.9769278,0,8.498,12.4517538
ORDJ04283,2018-11-04,18:08:27,Dinner,,"[('Shrimp', 8), ('Salmon', 5), ('Pasta', 2), ('Fish&Chips', 10)]",1042.0,-37.8113505,144.9528097,0,,15.0565037
ORDC08245,2018-07-24,14:45:38,Lunch,NS,"[('Steak', 1), ('Chicken', 4), ('Burger', 7)]",390.0,-37.8176728,144.969795,0,8.6,14.0691804
ORDZ07451,2018-08-16,15:26:11,Lunch,,"[('Steak', 6), ('Chicken', 7), ('Burger', 4), ('Salad', 4), ('Fries', 1)]",698.8,-37.8109953,145.000582,0,,15.3336274
ORDA01062,2018-06-14,13:24:30,Lunch,BK,"[('Salad', 2), ('Fries', 2), ('Chicken', 1), ('Burger', 1), ('Steak', 9)]",526.4,-37.7996885,144.9676512,0,7.914,
ORDK09063,2018-05-05,12:03:22,Lunch,BK,"[('Burger', 10), ('Salad', 8), ('Fries', 3)]",483.6,-37.8004243,144.9598831,0,8.275,16.1849761
ORDJ03859,2018-09-17,16:37:10,Dinner,TP,"[('Pasta', 3), ('Shrimp', 9), ('Fish&Chips', 9), ('Salmon', 6)]",1129.5,-37.819384,145.0083597,0,11.336,15.4432408
ORDI02691,2018-04-28,11:53:14,Breakfast,NS,"[('Pancake', 1), ('Coffee', 1)]",31.75,-37.8223042,144.9683484,0,8.899,15.7785054
ORDA02865,2018-06-24,13:44:47,Lunch,BK,"[('Fries', 7), ('Burger', 10), ('Steak', 2), ('Chicken', 4), ('Salad', 1)]",629.2,-37.8106436,144.9458042,0,9.182,17.2430807
ORDK06681,2018-11-06,18:18:35,Dinner,BK,"[('Pasta', 3), ('Fish&Chips', 6)]",292.5,-37.80742,144.9711465,0,6.719,13.4439674
ORDZ03545,2018-10-25,17:48:10,Dinner,NS,"[('Fish&Chips', 3), ('Shrimp', 1)]",159.0,-37.8056609,144.9714694,0,6.817,12.2149563
ORDX09275,2018-03-20,10:32:06,Breakfast,BK,"[('Coffee', 8), ('Pancake', 7), ('Cereal', 6)]",355.75,-37.8167945,145.0073797,0,4.006,8.7175563
ORDI07295,2018-10-21,17:38:01,Dinner,NS,"[('Salmon', 4), ('Fish&Chips', 10), ('Pasta', 1), ('Shrimp', 5)]",811.5,-37.7999196,144.9626861,0,6.848,15.0296261
ORDY06950,2018-03-12,10:11:49,Breakfast,TP,"[('Cereal', 2), ('Coffee', 3), ('Pancake', 2), ('Eggs', 1)]",135.0,-37.8119402,145.0000822,0,10.934,13.4162773
ORDX02754,2018-07-12,14:15:12,Lunch,BK,"[('Burger', 8), ('Salad', 5), ('Fries', 3)]",370.0,-37.8166314,145.0073694,0,3.986,9.9278949
ORDB10866,2018-12-19,19:39:43,Dinner,TP,"[('Fish&Chips', 5), ('Salmon', 7), ('Shrimp', 10), ('Pasta', 5)]",1139.5,-37.8209978,144.9549805,0,8.19,11.8626949
ORDK10567,2018-04-12,11:22:49,Breakfast,BK,"[('Pancake', 6), ('Cereal', 3)]",208.5,-37.8013917,144.9433256,0,9.49,14.1974563
ORDJ05760,2018-08-21,15:36:20,Lunch,,"[('Steak', 2), ('Salad', 9), ('Chicken', 8), ('Burger', 5)]",655.8,-37.8112963,144.9440215,0,10.157,13.4919788
ORDB08760,2018-11-15,18:28:43,Dinner,,"[('Pasta', 7), ('Shrimp', 9), ('Salmon', 2)]",760.5,-37.8028311,144.9551138,0,,13.3762281
ORDC06029,2018-04-07,11:02:32,Breakfast,NS,"[('Cereal', 2), ('Pancake', 2)]",90.5,-37.8123833,144.9620705,0,7.876,14.7810937
ORDX07198,2018-04-08,11:12:40,Breakfast,BK,"[('Pancake', 1), ('Eggs', 2), ('Cereal', 3)]",131.25,-37.8125191,145.0132056,0,3.607,10.4786177
ORDB10711,2018-06-30,13:54:55,Lunch,TP,"[('Steak', 9), ('Salad', 2), ('Burger', 10), ('Fries', 5), ('Chicken', 5)]",969.4,-37.8187778,144.9528494,0,9.76,14.4154353
ORDX04903,2018-07-30,14:55:46,Lunch,BK,"[('Steak', 5), ('Chicken', 3), ('Burger', 7)]",538.0,-37.8097251,144.9725363,0,6.74,12.6382856
ORDZ02514,2018-11-23,18:49:00,Dinner,NS,"[('Pasta', 1), ('Shrimp', 7), ('Fish&Chips', 3)]",510.5,-37.8185217,144.9830396,0,8.862,15.0308951
ORDK02784,2018-03-31,10:52:23,Breakfast,BK,"[('Coffee', 4), ('Cereal', 4)]",114.0,-37.8179112,144.9667569,0,7.547,15.0183266
ORDC09478,2018-12-01,18:59:09,Dinner,NS,"[('Salmon', 2), ('Pasta', 10), ('Shrimp', 6)]",681.0,-37.8062667,144.9599949,0,7.581,15.3357774
ORDY02182,2018-01-23,08:40:33,Breakfast,TP,"[('Cereal', 6), ('Pancake', 1), ('Coffee', 3), ('Eggs', 5)]",282.75,-37.8032826,144.9929998,0,11.055,13.7743131
ORDI05810,2018-06-15,13:24:30,Lunch,,"[('Steak', 5), ('Salad', 2)]",259.4,-37.81349,144.9656669,0,,13.6594333
ORDX10324,2018-01-10,08:10:08,Breakfast,BK,"[('Eggs', 3), ('Pancake', 5), ('Cereal', 9)]",376.25,-37.8066513,144.9570285,1,8.296,
ORDJ02064,2018-03-28,10:52:23,Breakfast,,"[('Eggs', 1), ('Pancake', 4), ('Cereal', 4), ('Coffee', 10)]",278.0,-37.7989324,144.9541514,0,9.947,12.5117201
ORDJ04074,2018-04-19,11:32:57,Breakfast,TP,"[('Cereal', 7), ('Pancake', 6)]",292.5,-37.8134711,144.9737343,0,8.592,11.0994195
ORDI02798,2018-10-14,17:27:53,Dinner,NS,"[('Salmon', 1), ('Pasta', 3), ('Fish&Chips', 7), ('Shrimp', 6)]",692.5,-37.805968,144.9561603,0,7.94,15.8989694
ORDC06413,2018-03-26,10:42:15,Breakfast,NS,"[('Coffee', 4), ('Eggs', 3)]",96.0,-37.8167689,144.9518896,0,10.451,
ORDX00464,2018-04-18,11:32:57,Breakfast,,"[('Coffee', 4), ('Cereal', 10), ('Eggs', 7)]",394.0,-37.8108302,144.9758363,0,,11.4572476
ORDY08158,2018-02-24,09:41:24,Breakfast,TP,"[('Coffee', 6), ('Cereal', 5)]",150.0,-37.8163473,144.9509305,0,9.705,13.8563711
ORDI08028,2018-07-28,14:55:46,Lunch,NS,"[('Chicken', 9), ('Steak', 9), ('Salad', 6), ('Fries', 9), ('Burger', 4)]",1028.2,-37.8126415,144.9597181,0,8.009,15.7910075
ORDY00196,2018-06-02,13:04:13,Lunch,TP,"[('Chicken', 8), ('Salad', 4), ('Steak', 9)]",729.8,-37.818061,144.9648126,0,7.561,12.3330382
ORDC00072,2018-05-24,12:43:56,Lunch,NS,"[('Chicken', 9), ('Steak', 8), ('Salad', 9), ('Fries', 6), ('Burger', 4)]",998.8,-37.8255311,144.9516784,0,10.151,15.629661
ORDB01251,2018-07-18,14:35:29,Lunch,TP,"[('Chicken', 2), ('Burger', 10)]",374.0,-37.8225483,144.9545973,0,8.292,11.2823642
ORDY08305,2018-05-21,12:33:48,Lunch,TP,"[('Steak', 2), ('Salad', 5), ('Chicken', 10)]",496.0,-37.8194958,144.9775075,0,8.666,12.303743
ORDB09780,2018-07-01,13:54:55,Lunch,TP,"[('Salad', 7), ('Burger', 7), ('Fries', 2), ('Steak', 10), ('Chicken', 4)]",939.4,-37.8187148,144.9671823,0,7.572,12.5067622
ORDB02045,2018-01-22,08:40:33,Breakfast,,"[('Coffee', 6), ('Pancake', 4), ('Cereal', 7)]",289.0,-37.8214251,144.9540041,0,,11.0154467
ORDX02977,2018-10-19,17:38:01,Dinner,BK,"[('Salmon', 1), ('Fish&Chips', 10), ('Pasta', 4)]",501.0,-37.801049,144.98937,0,5.957,12.8225335
ORDY04498,2018-09-18,16:37:10,Dinner,,"[('Pasta', 6), ('Fish&Chips', 3)]",270.0,-37.8152822,145.0029326,0,,15.7484513
ORDB10121,2018-09-19,16:37:10,Dinner,,"[('Shrimp', 8), ('Fish&Chips', 4)]",572.0,-37.8134502,144.9561793,0,8.673,12.7330445
ORDJ04312,2018-08-30,15:56:37,Lunch,TP,"[('Salad', 4), ('Chicken', 2), ('Fries', 8), ('Burger', 1), ('Steak', 7)]",574.8,-37.8030396,144.9631878,0,9.558,13.0790819
ORDC03867,2018-07-22,14:35:29,Lunch,,"[('Salad', 5), ('Chicken', 6), ('Fries', 4), ('Burger', 6)]",512.0,-37.8091806,144.9466706,0,,16.3162189
ORDA10775,2018-12-03,19:09:17,Dinner,BK,"[('Fish&Chips', 2), ('Pasta', 3), ('Salmon', 10)]",562.5,-37.8011831,144.9997026,0,5.335,
ORDI06530,2018-12-02,19:09:17,Dinner,NS,"[('Shrimp', 7), ('Fish&Chips', 7), ('Pasta', 10)]",898.0,-37.8062397,144.9702904,0,6.759,15.1487015
ORDB09445,2018-03-23,10:42:15,Breakfast,,"[('Pancake', 9), ('Eggs', 4)]",306.25,-37.8199784,144.9853188,0,,11.7383173
ORDB06852,2018-02-08,09:10:59,Breakfast,TP,"[('Cereal', 8), ('Coffee', 8), ('Eggs', 9)]",426.0,-37.8216805,144.981213,0,8.712,11.4196091
ORDA06889,2018-09-03,16:06:45,Dinner,BK,"[('Fish&Chips', 8), ('Salmon', 7), ('Pasta', 8), ('Shrimp', 2)]",895.0,-37.8127385,144.9650912,0,7.601,14.5696894
ORDI02302,2018-10-29,17:58:18,Dinner,NS,"[('Salmon', 9), ('Pasta', 6)]",534.0,-37.8209796,144.9659668,0,8.91,14.7912149
ORDA00490,2018-06-08,13:14:21,Lunch,BK,"[('Burger', 6), ('Steak', 2), ('Chicken', 2)]",340.0,-37.815917,144.9655787,0,7.678,
ORDJ01747,2018-08-01,14:55:46,Lunch,,"[('Fries', 2), ('Steak', 9), ('Salad', 6)]",532.2,-37.7991014,144.9725761,0,,13.4485564
ORDJ06254,2018-07-01,13:54:55,Lunch,TP,"[('Salad', 2), ('Steak', 4), ('Fries', 1)]",226.4,-37.8105239,144.9609857,0,8.51,13.4380454
ORDA05417,2018-07-20,14:35:29,Lunch,BK,"[('Fries', 9), ('Salad', 3), ('Chicken', 8), ('Steak', 2), ('Burger', 8)]",753.6,-37.814753,144.9418394,0,9.541,15.3366095
ORDZ10269,2018-09-01,16:06:45,Dinner,,"[('Salmon', 5), ('Shrimp', 7)]",583.0,-37.8165469,144.9547695,0,8.809,16.10581
ORDZ03385,2018-09-09,16:16:54,Dinner,NS,"[('Salmon', 3), ('Pasta', 3), ('Shrimp', 4)]",421.5,-37.8179689,145.0038909,0,10.461,18.4193391
ORDX03719,2018-06-30,13:54:55,Lunch,BK,"[('Chicken', 10), ('Burger', 3)]",413.0,-37.8109485,144.9389868,0,9.815,17.689234
ORDX01988,2018-08-01,14:55:46,Lunch,,"[('Fries', 8), ('Burger', 9), ('Salad', 2)]",409.4,-37.799838,144.9622065,0,8.211,14.0920893
ORDI03568,2018-08-12,15:26:11,Lunch,NS,"[('Steak', 4), ('Burger', 1)]",211.0,-37.8047091,144.9893648,0,8.128,15.9800967
ORDY02766,2018-09-12,16:27:02,Dinner,TP,"[('Fish&Chips', 8), ('Shrimp', 1), ('Salmon', 6)]",580.0,-37.8192113,144.9651123,0,7.372,11.5634562
ORDZ08683,2018-01-10,08:10:08,Breakfast,NS,"[('Eggs', 5), ('Coffee', 8), ('Pancake', 2)]",218.5,-37.8064602,144.9439695,1,9.081,6.8942897
ORDB00927,2018-09-11,16:27:02,Dinner,TP,"[('Shrimp', 2), ('Fish&Chips', 8), ('Pasta', 6)]",553.0,-37.8082894,144.968739,0,9.066,13.3987383
ORDJ06399,2018-11-20,18:38:52,Dinner,,"[('Fish&Chips', 10), ('Salmon', 3), ('Pasta', 2), ('Shrimp', 6)]",852.0,-37.8070217,144.9692309,0,,13.4038773
ORDJ06121,2018-10-09,17:17:44,Dinner,TP,"[('Shrimp', 8), ('Fish&Chips', 7), ('Salmon', 6), ('Pasta', 1)]",950.5,-37.8067673,144.9733776,0,9.374,
ORDX01536,2018-03-03,10:01:41,Breakfast,BK,"[('Cereal', 8), ('Pancake', 6), ('Eggs', 8), ('Coffee', 6)]",534.5,-37.8143041,144.9776345,0,6.413,13.0876609
ORDX08517,2018-10-29,17:58:18,Dinner,BK,"[('Salmon', 4), ('Pasta', 5)]",301.5,-37.8239154,144.9299158,0,11.142,18.4727302
ORDY01711,2018-03-22,10:32:06,Breakfast,TP,"[('Pancake', 8), ('Coffee', 3), ('Cereal', 2)]",258.5,-37.8059472,144.9473133,0,9.843,12.0679284
ORDC07008,2018-10-17,17:38:01,Dinner,,"[('Fish&Chips', 9), ('Shrimp', 1), ('Pasta', 8), ('Salmon', 7)]",876.0,-37.821635,144.9986317,0,10.191,15.632779
ORDJ10851,2018-01-28,08:50:42,Breakfast,TP,"[('Eggs', 2), ('Coffee', 1), ('Cereal', 8)]",219.5,-37.8100144,144.9360754,0,10.533,14.0677929
ORDX08225,2018-09-23,16:47:19,Dinner,,"[('Fish&Chips', 4), ('Shrimp', 9), ('Salmon', 3)]",749.0,-37.824845,144.9576466,0,8.776,17.6425656
ORDJ06018,2018-04-03,11:02:32,Breakfast,,"[('Eggs', 8), ('Coffee', 4), ('Cereal', 10), ('Pancake', 3)]",488.75,-37.8104294,144.9844312,0,9.589,12.3746914
ORDB06367,2018-02-13,09:21:07,Breakfast,TP,"[('Pancake', 7), ('Cereal', 7)]",316.75,-37.8088691,144.9618579,0,8.818,11.7311337
ORDZ02450,2018-08-03,15:05:54,Lunch,NS,"[('Burger', 7), ('Salad', 9), ('Fries', 5), ('Chicken', 8)]",687.8,-37.8196969,144.9744175,0,8.517,14.1469168
ORDJ05047,2018-10-23,17:48:10,Dinner,TP,"[('Shrimp', 3), ('Pasta', 2)]",217.0,-37.8196665,144.9714792,0,7.876,12.3211203
ORDB09453,2018-07-16,14:25:21,Lunch,TP,"[('Burger', 1), ('Steak', 6), ('Fries', 2), ('Salad', 9)]",479.8,-37.805603,144.9948279,0,11.007,14.5443122
ORDC06156,2018-11-02,18:08:27,Dinner,NS,"[('Salmon', 5), ('Fish&Chips', 5), ('Shrimp', 6)]",704.0,-37.8184296,144.9688448,0,8.614,14.6480078
ORDX03662,2018-09-21,16:37:10,Dinner,BK,"[('Shrimp', 2), ('Pasta', 10), ('Salmon', 2), ('Fish&Chips', 3)]",570.0,-37.8131806,144.9477548,0,9.71,16.2374432
ORDC07255,2018-04-16,11:22:49,Breakfast,NS,"[('Coffee', 6), ('Eggs', 6)]",177.0,-37.8132911,144.9583563,0,8.174,12.7042699
ORDA01446,2018-10-12,17:27:53,Dinner,BK,"[('Fish&Chips', 10), ('Shrimp', 9), ('Pasta', 6)]",1001.0,-37.8214227,144.9431062,0,9.751,16.5955695
ORDI02874,2018-11-24,18:49:00,Dinner,NS,"[('Salmon', 2), ('Fish&Chips', 9), ('Shrimp', 2)]",505.0,-37.8256626,144.9979432,0,10.38,18.8445328
ORDX03554,2018-12-02,19:09:17,Dinner,BK,"[('Fish&Chips', 8), ('Salmon', 5), ('Pasta', 10), ('Shrimp', 7)]",1138.0,-37.8214422,144.9580457,0,8.454,17.9545166
ORDY10616,2018-04-30,11:53:14,Breakfast,TP,"[('Eggs', 7), ('Cereal', 7), ('Pancake', 4), ('Coffee', 9)]",465.5,-37.7997658,144.9551981,0,9.814,12.3332932
ORDB07857,2018-08-10,15:16:03,Lunch,TP,"[('Chicken', 10), ('Fries', 6)]",392.0,-37.7991307,144.9634187,0,9.926,13.080116
ORDK03370,2018-02-10,09:10:59,Breakfast,BK,"[('Eggs', 9), ('Coffee', 1), ('Pancake', 9), ('Cereal', 7)]",570.75,-37.825352,145.0033723,0,5.213,12.4136573
ORDI06020,2018-07-24,14:45:38,Lunch,NS,"[('Salad', 9), ('Burger', 8), ('Steak', 5), ('Fries', 4), ('Chicken', 9)]",963.8,-37.8122155,145.0159673,0,10.852,16.3381238
ORDZ08538,2018-12-21,19:39:43,Dinner,NS,"[('Fish&Chips', 2), ('Salmon', 4)]",234.0,-37.8191764,144.9578327,0,9.011,14.6765029
ORDB00916,2018-08-01,14:55:46,Lunch,,"[('Chicken', 2), ('Fries', 2), ('Steak', 7)]",403.0,-37.7992877,144.9723465,0,,13.6186898
ORDJ01920,2018-01-08,08:10:08,Breakfast,TP,"[('Coffee', 4), ('Cereal', 6), ('Pancake', 10)]",398.5,-37.8175604,144.9322261,1,11.034,7.0984684
ORDA01603,2018-07-22,14:45:38,Lunch,BK,"[('Steak', 7), ('Burger', 4), ('Chicken', 4), ('Salad', 1)]",584.2,-37.8261748,145.0083752,0,5.033,13.1274733
ORDJ08762,2018-10-07,17:17:44,Dinner,TP,"[('Pasta', 6), ('Shrimp', 10)]",705.0,-37.819802,144.9612877,0,7.587,13.3006196
ORDK07764,2018-08-11,15:16:03,Lunch,BK,"[('Fries', 6), ('Salad', 10), ('Burger', 2), ('Chicken', 1)]",338.0,-37.8248456,144.9906276,0,6.281,14.7033082
ORDA08952,2018-05-18,12:33:48,Lunch,BK,"[('Chicken', 5), ('Steak', 10)]",610.0,-37.8107533,144.9975014,0,4.612,10.4081352
ORDB02209,2018-05-19,12:33:48,Lunch,TP,"[('Steak', 4), ('Fries', 7), ('Salad', 2)]",298.4,-37.8035554,144.9545895,0,9.589,14.1281822
ORDY02805,2018-03-16,10:21:58,Breakfast,TP,"[('Coffee', 1), ('Pancake', 5), ('Cereal', 6), ('Eggs', 6)]",386.75,-37.8065874,144.9414819,0,10.273,12.8142931
ORDZ07146,2018-10-26,17:48:10,Dinner,NS,"[('Pasta', 10), ('Shrimp', 2), ('Salmon', 1)]",424.0,-37.8060789,144.9974028,0,9.187,15.5367342
ORDC05758,2018-09-20,16:37:10,Dinner,NS,"[('Salmon', 9), ('Fish&Chips', 7)]",614.0,-37.8241111,145.0125402,0,11.696,17.1342861
